Q9,Q10r1,Q10r2,Q10r3,Q10r4,Q10r5,Q10r6,Q10r7,Q10r8,Q20r1,Q20r2,Q20r3,Q20r4,Q20r5,Q20r6,Q20r7,Q20r8,Q20r9
0.4752069,0.4612134,0.6274362,0.44204518,0.45057386,0.54527074,0.6081362,0.5113429,0.48131666,0.54494864,0.6644706,0.38145503,0.5775417,0.5219471,0.5466527,0.5685152,0.5011888,0.5802879
0.5118038,0.44920713,0.6582535,0.40591028,0.47624457,0.54388756,0.6556646,0.46190056,0.5350965,0.6048903,0.7430598,0.40098476,0.5926959,0.5858165,0.5584492,0.66239035,0.47298458,0.6571482
0.43918142,0.43602595,0.70196724,0.39136928,0.45301917,0.51872814,0.62263244,0.44613802,0.57405764,0.6125126,0.71103984,0.4138443,0.58690536,0.61378604,0.5656228,0.7025935,0.52218616,0.6670592
0.48675868,0.45553946,0.64939886,0.41880095,0.48118648,0.5304874,0.6341389,0.46759957,0.53354996,0.59015065,0.7228864,0.40752468,0.57541853,0.5750479,0.5438547,0.65860873,0.4769614,0.65064764
0.4629337,0.46142712,0.6683201,0.42507187,0.47090334,0.5553847,0.7161124,0.524651,0.4628555,0.5166818,0.8083763,0.30106777,0.5287569,0.5170181,0.512563,0.6475889,0.41542357,0.6696294
0.48886135,0.46031246,0.59246975,0.46485612,0.48154634,0.5540752,0.6353518,0.5152029,0.4561831,0.52830887,0.73395634,0.35786372,0.56317157,0.49747062,0.5053919,0.57502866,0.4508107,0.6191998
0.5129148,0.46608272,0.63420075,0.44105694,0.5299009,0.49760455,0.610892,0.4430982,0.59576976,0.6024065,0.6863811,0.46540332,0.56259143,0.5929377,0.50935715,0.7001623,0.45030543,0.67508626
0.5432827,0.5092212,0.5718425,0.44971994,0.5815442,0.48760724,0.6247073,0.44947758,0.5557076,0.598513,0.72661173,0.4852206,0.51502115,0.5772549,0.49576956,0.6908047,0.39249432,0.6773698
0.45474482,0.39541847,0.6271874,0.4490059,0.40074825,0.5896695,0.58679247,0.49582496,0.4622755,0.56098455,0.69464433,0.34608552,0.6556666,0.5155405,0.5496148,0.53559893,0.5617905,0.5928402
0.5268407,0.49443856,0.55426514,0.4755384,0.5566273,0.523332,0.65042615,0.49399674,0.4826819,0.5424652,0.7659531,0.40232533,0.51659393,0.51321656,0.4707912,0.63195485,0.3805789,0.6647469
0.48567855,0.52825356,0.5426794,0.4848182,0.58202875,0.4573838,0.5527568,0.47237587,0.54407525,0.5573216,0.6356318,0.5073034,0.4786799,0.5423128,0.4710079,0.6536453,0.4178245,0.6321196
0.48084852,0.48318222,0.6398872,0.42053142,0.545564,0.48053634,0.62422407,0.4338072,0.58829904,0.611656,0.73213017,0.46988353,0.5243666,0.6106198,0.5136021,0.7353787,0.4356925,0.7002476
0.56340617,0.47013694,0.614376,0.41675258,0.52871037,0.52856046,0.6480281,0.43963137,0.55529284,0.629188,0.7439373,0.4552602,0.58349067,0.59924805,0.54461586,0.6782815,0.43547767,0.6719209
0.32353437,0.42907068,0.7594511,0.39730784,0.4035071,0.53613734,0.7048254,0.53041756,0.48812535,0.49140197,0.80087066,0.25828037,0.5113054,0.5356069,0.52059245,0.70085675,0.48827457,0.6874283
0.5511563,0.4786824,0.5022878,0.4938819,0.54832715,0.5232861,0.55290735,0.46442807,0.50399,0.5844651,0.66481155,0.48240364,0.5786052,0.52581674,0.49138168,0.5764474,0.44803506,0.6150891
0.58270276,0.5271684,0.5092426,0.46824303,0.61177576,0.4593118,0.5298026,0.41662025,0.59592986,0.640485,0.60676897,0.6001441,0.53576434,0.59971917,0.50687367,0.6670872,0.4240801,0.6358233
0.45365813,0.47395602,0.6361854,0.43288875,0.49849167,0.49334863,0.5786174,0.46128872,0.5581536,0.586475,0.65557784,0.4563245,0.54702145,0.5794217,0.53111315,0.6668089,0.49284577,0.6357239
0.444855,0.4730277,0.6673231,0.41126075,0.5268185,0.47525296,0.61733097,0.43132704,0.59922534,0.6109758,0.7256526,0.4618349,0.52466184,0.61985767,0.5193199,0.74872303,0.45929468,0.70428634
0.5435378,0.50557774,0.56913906,0.4437532,0.5828116,0.4687007,0.5686898,0.41781276,0.5994442,0.6367431,0.6611899,0.55180204,0.5379105,0.611957,0.51498425,0.70134854,0.43393743,0.66585374
0.47556317,0.46151984,0.64101064,0.42623216,0.4761882,0.5207915,0.6005681,0.47118878,0.5360521,0.5860949,0.67292774,0.42760658,0.5741194,0.57034004,0.54773086,0.63870764,0.4985532,0.6231822
0.5166224,0.45155486,0.64753985,0.40421447,0.4885079,0.5205158,0.6012345,0.42948002,0.5799968,0.6416719,0.6819632,0.47261152,0.6068825,0.61876404,0.5707191,0.6764953,0.50517046,0.6486152
0.5147182,0.4604808,0.57079345,0.46443605,0.4906304,0.54234403,0.58357215,0.48505324,0.4914393,0.56998324,0.6721329,0.4246662,0.5913103,0.52641237,0.5241406,0.5702511,0.48240793,0.60012054
0.5307872,0.43432125,0.6632303,0.3890008,0.465727,0.53790057,0.6068099,0.42114982,0.5843231,0.660469,0.6834176,0.46797818,0.64006585,0.63234556,0.59526366,0.670425,0.52846915,0.6438977
0.505076,0.47600213,0.56335276,0.47021866,0.5082085,0.52162486,0.5671364,0.48274904,0.50420994,0.56698835,0.64933395,0.4480563,0.5681363,0.5294228,0.51465493,0.5833358,0.47557092,0.59931904
0.46109194,0.49963337,0.60083544,0.45468062,0.53796357,0.47458836,0.57387817,0.4675623,0.5525574,0.5696875,0.65646964,0.47337738,0.5085112,0.5631093,0.5004518,0.66966456,0.45345652,0.6411396
0.52535385,0.4496266,0.57986003,0.45850953,0.51262146,0.5548232,0.6478067,0.47629786,0.4863809,0.5716134,0.7772096,0.3846841,0.5816874,0.53121006,0.49845088,0.62355,0.4290468,0.66934526
0.47173,0.47580007,0.61915183,0.4424367,0.49120772,0.50992656,0.58567387,0.48017344,0.5279689,0.57043,0.6540987,0.43713057,0.5539228,0.5544021,0.53190726,0.6263951,0.48729664,0.6125045
0.44844493,0.476911,0.6352708,0.4455897,0.4840073,0.522315,0.636684,0.51198393,0.48950535,0.5266517,0.71744365,0.3695755,0.5244226,0.5222017,0.5111057,0.6267813,0.4532638,0.62953585
0.42912135,0.48016095,0.649175,0.43206438,0.51279235,0.4801299,0.5987485,0.46252257,0.5634547,0.5740838,0.6915903,0.44216564,0.5150244,0.58067656,0.51108336,0.7017391,0.4682545,0.66603935
0.47046778,0.41530737,0.70293146,0.38455957,0.4098875,0.55868554,0.6259819,0.45916158,0.5443131,0.61724114,0.69481605,0.38923275,0.6396049,0.6010175,0.60029066,0.64165723,0.55684894,0.6249321
0.47445717,0.5155898,0.55136126,0.4848373,0.5399077,0.4765664,0.5354299,0.4923973,0.51952344,0.5434708,0.59086293,0.4850796,0.5055747,0.52316463,0.49315614,0.5991969,0.45905358,0.5852835
0.46326196,0.45487902,0.6524764,0.42667854,0.4541812,0.5381513,0.6233089,0.4947331,0.5053759,0.560501,0.69389576,0.3821806,0.5739663,0.546969,0.54758877,0.6161071,0.4975584,0.61450905
0.5409649,0.46913487,0.54730517,0.46941257,0.52961385,0.5313915,0.5895464,0.46450868,0.5096635,0.588437,0.699658,0.45288274,0.58159566,0.54090816,0.5069815,0.60376227,0.4494068,0.6328554
0.46542647,0.4193736,0.70595074,0.37768286,0.43239635,0.5319018,0.6015797,0.42672324,0.59096473,0.64766407,0.6778492,0.44032213,0.6342723,0.6366846,0.59950167,0.68833685,0.56229615,0.6484641
0.52042186,0.5009783,0.52352047,0.49102414,0.56205785,0.500851,0.5743712,0.4788662,0.5066419,0.5586735,0.67861,0.4684304,0.5266304,0.52138346,0.47566524,0.6094277,0.42016324,0.6288284
0.4433275,0.4483999,0.6949042,0.3980972,0.47655407,0.51579696,0.6539586,0.45572624,0.5613065,0.59484494,0.753806,0.3941793,0.55677253,0.60108465,0.5419343,0.71726453,0.47748798,0.68981797
0.50778574,0.49897525,0.61038315,0.4299319,0.5789078,0.46699142,0.6132737,0.42163482,0.6008824,0.62358403,0.725141,0.50760484,0.51365465,0.6168482,0.50257796,0.742871,0.4140719,0.7058635
0.4891319,0.43255576,0.701533,0.3686681,0.48734456,0.5032312,0.6130041,0.38630545,0.6408683,0.68412125,0.71533775,0.49263036,0.6142076,0.67809474,0.5847761,0.75842845,0.52143604,0.70512235
0.4519548,0.4812867,0.6375556,0.44889912,0.52963144,0.47788104,0.6001134,0.46298206,0.5762529,0.5676341,0.6833112,0.44846946,0.5154263,0.57308525,0.4911518,0.70275,0.44878873,0.67143583
0.47840577,0.47650298,0.6328317,0.432508,0.5077625,0.5105946,0.628724,0.47398502,0.5333643,0.57378644,0.71804184,0.4188714,0.53913593,0.56469315,0.52119327,0.66734153,0.45149794,0.6545013
0.5648753,0.47743225,0.49232188,0.4608174,0.49922392,0.5535795,0.5352196,0.4353303,0.44051427,0.54570705,0.6328253,0.44767803,0.62308115,0.48574227,0.52578694,0.5621142,0.46595496,0.5696253
0.5628206,0.50057715,0.5234829,0.4404004,0.51665086,0.5159878,0.5202097,0.42052954,0.5009531,0.5793238,0.5775789,0.5087893,0.5995489,0.53518593,0.5477901,0.60658985,0.47551998,0.56788725
0.55388606,0.5420011,0.5120524,0.47848624,0.63128906,0.44569758,0.55781937,0.43283895,0.5834176,0.6079066,0.65335125,0.57147354,0.48543277,0.5812542,0.47249073,0.69167995,0.38386902,0.6627577
0.5234623,0.48495135,0.4929222,0.48170078,0.5149878,0.515351,0.48055694,0.44091487,0.48602226,0.5603604,0.5611114,0.50180215,0.5971839,0.50675076,0.513303,0.5635657,0.49585563,0.5603981
0.5009936,0.46969292,0.6041138,0.4478056,0.52863944,0.5256304,0.6527758,0.4731551,0.5126542,0.56884944,0.77250654,0.39888993,0.54151237,0.54865414,0.4943468,0.66779244,0.4154741,0.6832316
0.5037207,0.45270854,0.6530189,0.41548932,0.47260204,0.5505671,0.6674161,0.4826795,0.5084862,0.5786821,0.75438076,0.3730712,0.58005995,0.5606431,0.5469068,0.6436479,0.4603205,0.6505681
0.4780499,0.44270268,0.6516513,0.4207274,0.44512922,0.5458426,0.60994834,0.48022196,0.5163467,0.5835314,0.68017495,0.39800075,0.6032303,0.56136054,0.5633314,0.6101612,0.5194465,0.6091395
0.49944144,0.49873692,0.5703162,0.4618648,0.53122467,0.4863747,0.5421594,0.46540365,0.54625535,0.5847862,0.6018708,0.50232035,0.54260147,0.5589222,0.5199235,0.62090015,0.4764649,0.59980357
0.57337254,0.54495716,0.46763754,0.49125558,0.6021954,0.46899438,0.5142949,0.445382,0.5283242,0.57682425,0.57744473,0.5638235,0.51858443,0.5322887,0.48843187,0.61111665,0.41056594,0.58940786
0.45299414,0.46211416,0.6253824,0.43986365,0.48868275,0.4810956,0.55032015,0.4627209,0.56848,0.6173892,0.6294306,0.4850908,0.562452,0.5714979,0.5495115,0.6653038,0.51023704,0.6164523
0.502497,0.5353627,0.56468195,0.46759996,0.6195525,0.45413083,0.63373756,0.45997465,0.55661434,0.5639689,0.75139844,0.47939762,0.44435608,0.56235576,0.4481869,0.72813284,0.34763938,0.70781684
0.456559,0.4947139,0.6223074,0.447675,0.53188473,0.49264365,0.6345154,0.48647812,0.5253353,0.54592174,0.7318925,0.41120723,0.49444163,0.54717743,0.48989934,0.68115985,0.41965863,0.66779506
0.5152342,0.49264985,0.6166253,0.4301181,0.5606194,0.4948531,0.65452415,0.4487703,0.5600043,0.5975332,0.7637663,0.44834545,0.51692605,0.5887045,0.5020257,0.71880436,0.39788923,0.7016304
0.5043162,0.47808805,0.43085107,0.562179,0.5482033,0.5350026,0.5217468,0.51768506,0.42023513,0.49897674,0.6644031,0.4249988,0.55077946,0.42931038,0.4251148,0.48544544,0.43391764,0.58578104
0.5331011,0.502963,0.56748044,0.43583882,0.56380665,0.47361565,0.54915196,0.40751013,0.5829534,0.6230225,0.63752997,0.54469144,0.55166864,0.5995846,0.52380645,0.6978644,0.4502627,0.649817
0.50546163,0.4756781,0.60765874,0.44439682,0.5129833,0.5278363,0.641866,0.48411766,0.5067991,0.5648516,0.73784363,0.40304458,0.5472375,0.5437364,0.51304245,0.64020246,0.43325332,0.6502714
0.5215667,0.44147918,0.5648993,0.4709401,0.4935183,0.5674451,0.6279623,0.489266,0.46380413,0.5591149,0.7550774,0.3753426,0.5987387,0.5093318,0.50099885,0.57757103,0.45100838,0.64065254
0.5127632,0.48492283,0.6225894,0.43073776,0.53732246,0.514274,0.66765684,0.4686937,0.53177595,0.57947505,0.77001065,0.4125017,0.5269055,0.5682361,0.5081799,0.6908153,0.40414697,0.6861113
0.5511903,0.44741002,0.62792003,0.41041315,0.47188956,0.5472319,0.6043512,0.445749,0.54806125,0.63584936,0.67026347,0.45714715,0.633167,0.596853,0.5845175,0.62021464,0.5117076,0.61338806
0.45914257,0.50175816,0.5927131,0.4639938,0.52915806,0.48433682,0.5793344,0.4880255,0.52560514,0.5468693,0.6557413,0.44948345,0.5047125,0.538113,0.49601296,0.64025986,0.44986314,0.6237126
0.40484026,0.47773272,0.64526737,0.44884777,0.4765122,0.50064474,0.5974266,0.50837445,0.50757813,0.5225625,0.67117035,0.3886294,0.5129331,0.5281632,0.5087554,0.6352257,0.4835139,0.61940193
0.5303356,0.43450886,0.6146653,0.42736354,0.42883876,0.5641836,0.5581821,0.47098482,0.5135405,0.6128558,0.5967568,0.44270337,0.659133,0.5623472,0.59640753,0.5371932,0.5650839,0.54768926
0.42564207,0.5071782,0.606578,0.46909475,0.5304815,0.4809879,0.60799533,0.5092384,0.505842,0.5110621,0.69576067,0.40693575,0.4687689,0.51683986,0.47266304,0.6534222,0.42475906,0.64141744
0.39942455,0.42854303,0.7291154,0.38706303,0.43176785,0.5261114,0.65220815,0.4679411,0.5529433,0.5817044,0.74536604,0.3599017,0.5699199,0.59713787,0.55724555,0.7085742,0.51777685,0.67785317
0.43858594,0.47368506,0.66597456,0.4304831,0.49425852,0.5260358,0.69716656,0.51250976,0.48874885,0.5187945,0.79692984,0.3277095,0.49990487,0.52935445,0.49540916,0.6806896,0.40999272,0.6846394
0.4879536,0.45573232,0.6475168,0.4165805,0.4765823,0.5231533,0.60460573,0.45769,0.54991347,0.6050077,0.6803456,0.43753532,0.5873622,0.58728224,0.5573331,0.6522975,0.5022256,0.6330332
0.56312287,0.5436686,0.41252688,0.54273003,0.6531778,0.45426202,0.5043328,0.45198518,0.53157115,0.57241714,0.6287298,0.576291,0.48686796,0.51706266,0.4221174,0.6152136,0.37276965,0.6356369
0.5561552,0.55900633,0.45689917,0.4988266,0.6141643,0.4742107,0.58902586,0.47425178,0.45750397,0.5102623,0.6966623,0.47419712,0.46319917,0.46164238,0.4479428,0.64432305,0.32721704,0.62537825
0.4755184,0.4989272,0.598458,0.4530606,0.5399556,0.48221183,0.5886633,0.46884724,0.5464552,0.5709377,0.6743859,0.46536142,0.5124271,0.5613215,0.50136876,0.66768765,0.4432314,0.645247
0.46903697,0.4675211,0.65595996,0.4151001,0.50862056,0.4992904,0.6226317,0.44690385,0.5709839,0.6035843,0.71944493,0.44264594,0.5481021,0.60055554,0.53184414,0.70794916,0.46664596,0.67764217
0.46865344,0.4756647,0.44171444,0.5595169,0.5590466,0.50503093,0.48143265,0.48961806,0.4640609,0.5202124,0.6352002,0.46796072,0.5423826,0.45986584,0.41902563,0.5344485,0.45564762,0.60672647
0.36282063,0.44419447,0.5531706,0.5247986,0.48292097,0.5117987,0.51270896,0.5128763,0.45997363,0.48677891,0.66069937,0.38204205,0.53512394,0.4632902,0.43788603,0.56739795,0.5070545,0.61763763
0.4571578,0.5480256,0.5835369,0.47206685,0.6389854,0.4358647,0.6688756,0.47388864,0.5508331,0.5282725,0.80017996,0.44164196,0.38647407,0.5500516,0.41046825,0.76771986,0.30748594,0.74567556
0.54060847,0.45486352,0.6283812,0.4142068,0.4849141,0.53943086,0.61693954,0.45007673,0.5459285,0.62440056,0.69193935,0.44805896,0.6111899,0.5917738,0.56881994,0.63711673,0.49040166,0.629641
0.53545094,0.4960034,0.5704839,0.4460978,0.55271345,0.48076105,0.54545724,0.4294611,0.584854,0.63006747,0.61738896,0.54440826,0.56049997,0.59961516,0.53163654,0.6612573,0.4700076,0.6289885
0.6097709,0.47898033,0.5390933,0.41221762,0.51916844,0.51398796,0.49397132,0.3680252,0.5753585,0.6677402,0.54527575,0.58844185,0.65725,0.6121898,0.592546,0.63948154,0.5193054,0.5825284
0.5484186,0.49789894,0.5599103,0.45266658,0.5491175,0.4950226,0.563154,0.44646347,0.5583133,0.6140297,0.6336673,0.51945233,0.560434,0.5783858,0.5282969,0.6356725,0.45649558,0.6188349
0.49190637,0.47576952,0.60367143,0.44865108,0.4844452,0.5237522,0.5855235,0.49092788,0.5080475,0.5646556,0.64464486,0.43003777,0.5666223,0.5388699,0.5374602,0.5906602,0.48871404,0.59019977
0.56166697,0.51427203,0.5294919,0.47291407,0.57800823,0.49737987,0.5951743,0.46590418,0.5272614,0.5842501,0.68417627,0.49270657,0.52725977,0.5467715,0.49415836,0.6303112,0.4023597,0.63470423
0.53890204,0.46515015,0.49116418,0.50454754,0.522097,0.5331996,0.5139582,0.47097114,0.4906587,0.57956344,0.6158075,0.48369253,0.60439944,0.51128465,0.5000141,0.5289295,0.48889685,0.5790434
0.522063,0.5208285,0.551362,0.46922308,0.6012108,0.4703867,0.608974,0.45463786,0.5523736,0.579883,0.7216373,0.492263,0.48540893,0.5626177,0.46756458,0.69511235,0.37837043,0.6828261
0.5082877,0.468698,0.63257384,0.42390195,0.5030472,0.52549005,0.6405102,0.4666581,0.5336488,0.5912092,0.72915906,0.4193472,0.5635141,0.5734687,0.53605413,0.66168517,0.45280787,0.6547939
0.55250216,0.49859217,0.49812958,0.56401783,0.58487576,0.47548223,0.50731504,0.4920291,0.57313055,0.51700103,0.51541084,0.51123273,0.5367753,0.4854437,0.41399223,0.57956576,0.41791725,0.5935299
0.51289374,0.50876737,0.5129632,0.50019574,0.5567803,0.49618378,0.5514995,0.49030134,0.4981516,0.5460635,0.6375204,0.475638,0.5215205,0.5078812,0.47689366,0.5819085,0.4321632,0.60009784
0.42990872,0.42623365,0.7195575,0.39306256,0.41841742,0.5625129,0.6963102,0.5014505,0.4973119,0.55226374,0.78410685,0.30554643,0.57801163,0.55789,0.5564016,0.66328025,0.4900998,0.6643728
0.49455008,0.46819487,0.64400303,0.42043677,0.5125886,0.50979275,0.6333073,0.45208248,0.56097585,0.60115266,0.72659224,0.4364999,0.55559725,0.5913573,0.53009164,0.6937481,0.45398453,0.67340887
0.48545682,0.47900525,0.616394,0.44353047,0.4990988,0.5198248,0.6197397,0.49013287,0.5103349,0.5588918,0.6979678,0.4109785,0.54447263,0.54261285,0.5224191,0.62802535,0.4570854,0.62657046
0.6259025,0.5184259,0.48129824,0.4407018,0.572217,0.4556042,0.48455793,0.35419717,0.58785623,0.651531,0.58338284,0.59655154,0.5868857,0.60765684,0.54612017,0.6851334,0.4563913,0.580529
0.47130203,0.4796179,0.633415,0.42827305,0.52335936,0.4865754,0.59659153,0.44661865,0.57378197,0.6009738,0.68822706,0.46883586,0.5378738,0.59500307,0.52337265,0.69828033,0.46585602,0.6648144
0.5297073,0.49935967,0.59724426,0.44040987,0.56541085,0.500291,0.6553775,0.45974308,0.54254043,0.5867351,0.76086634,0.44409442,0.5143785,0.5718813,0.4969047,0.69732285,0.38774785,0.68944716
0.54338163,0.49823204,0.50682676,0.4953478,0.5586117,0.51265025,0.5696295,0.4806503,0.49613622,0.56298506,0.6694271,0.47150263,0.54467726,0.5146552,0.48246273,0.58224344,0.42436567,0.6132496
0.53336364,0.52741283,0.5334382,0.47997886,0.6043611,0.47733673,0.6150527,0.46942005,0.5303855,0.5639057,0.7241507,0.47990143,0.47992167,0.54177916,0.46052933,0.67202765,0.36574054,0.67132026
0.47106907,0.41805762,0.7080469,0.3768886,0.42990357,0.54156226,0.6225851,0.43502712,0.5774423,0.6397319,0.70241445,0.4185769,0.6331048,0.62843287,0.59737486,0.6844642,0.5499144,0.652881
0.48996022,0.41202426,0.7137338,0.37202543,0.4214864,0.5657118,0.6661411,0.4494526,0.5504539,0.6290414,0.750463,0.3755278,0.6389714,0.6148145,0.5986673,0.67473835,0.5277579,0.66114336
0.59301174,0.4592824,0.576049,0.4287249,0.5076234,0.539736,0.57681036,0.42993733,0.5562596,0.65328836,0.6483436,0.50715584,0.6382868,0.598459,0.57367986,0.6084476,0.4963714,0.60910195
0.5248028,0.43766645,0.62857527,0.42330113,0.47340122,0.5594816,0.6411791,0.46409428,0.5147037,0.6022626,0.74187666,0.3974485,0.6145421,0.5673788,0.5501943,0.6280183,0.47961652,0.64730114
0.52684,0.43894815,0.62237597,0.4334477,0.46742707,0.57891625,0.67565244,0.4946038,0.47007883,0.5666946,0.7777416,0.34619224,0.603071,0.5303179,0.5356209,0.6001546,0.45188835,0.64507204
0.5438162,0.47312745,0.60285974,0.432837,0.5328041,0.52773434,0.65004736,0.45548788,0.5340278,0.6026164,0.7553443,0.43318427,0.5644156,0.5745715,0.52159905,0.66891164,0.42217177,0.6740569
0.44441673,0.47599638,0.63618034,0.44087237,0.48951635,0.5057078,0.6032867,0.4885479,0.5233207,0.5532958,0.68103904,0.41221848,0.5331495,0.54880214,0.519895,0.645134,0.47636494,0.6295393
0.4614468,0.4549146,0.6747789,0.4111732,0.47643176,0.53002053,0.66472054,0.47786525,0.52739644,0.5728336,0.758674,0.37320346,0.554243,0.5714475,0.53539264,0.68174624,0.46106845,0.6716709
0.45411015,0.48242447,0.6593847,0.41678777,0.54456,0.4767337,0.64557225,0.4403513,0.5855848,0.5969061,0.7610603,0.4429971,0.50351065,0.60784245,0.5017601,0.75520647,0.42277312,0.7195283
0.46585545,0.45605186,0.6486438,0.42071643,0.46899128,0.51340044,0.57617825,0.4582796,0.55583096,0.60155016,0.64236325,0.4500847,0.5854063,0.586617,0.55852705,0.6454407,0.52435744,0.617839
0.39325652,0.44438303,0.7126509,0.40981668,0.43804768,0.5379272,0.68775386,0.5141334,0.49375072,0.5213696,0.7805486,0.30434695,0.5305843,0.5405474,0.52494216,0.6763899,0.47003162,0.6712859
0.566195,0.42436472,0.6839348,0.35933247,0.48963398,0.5323726,0.6322474,0.37287349,0.6379204,0.7148712,0.7312662,0.5052715,0.6585869,0.6890877,0.6098772,0.740187,0.51455885,0.6999199
0.5022198,0.46152717,0.6339038,0.41832238,0.49300718,0.5120061,0.5849833,0.44185725,0.56929815,0.6229908,0.6595385,0.47390953,0.58984077,0.60142285,0.5583014,0.6610203,0.50345033,0.633971
0.55065155,0.49110028,0.55482644,0.45840982,0.5570951,0.5064936,0.59441435,0.4509577,0.54117113,0.60333246,0.6937457,0.487437,0.5552741,0.56617,0.5087226,0.6448481,0.42891133,0.6469987
0.4630778,0.49535236,0.61692464,0.4457813,0.5384242,0.4833272,0.6122291,0.470182,0.54651904,0.5659907,0.7077731,0.44403931,0.5031222,0.56419116,0.4965746,0.6884582,0.43225196,0.6656748
0.38562518,0.45867166,0.6658592,0.43973032,0.43541613,0.51194584,0.5738588,0.51079184,0.5068088,0.52702653,0.62925255,0.38240147,0.5447991,0.5311398,0.53493255,0.6088972,0.5354405,0.58936685
0.49796024,0.4700036,0.6166115,0.4366571,0.48724547,0.5232566,0.5957567,0.4759368,0.525437,0.5831145,0.6634371,0.43645433,0.5739514,0.55908984,0.5437503,0.61744136,0.48761502,0.6103064
0.47804525,0.38841367,0.59010565,0.46271548,0.43699637,0.58336806,0.5698888,0.46209934,0.48423493,0.59085953,0.7183537,0.3824314,0.6663234,0.5323004,0.52667594,0.5649876,0.54552954,0.6318167
0.518645,0.5506215,0.5078375,0.49492082,0.6261199,0.43964761,0.55040044,0.45892638,0.55921894,0.56939256,0.64014906,0.54738706,0.45726013,0.55016285,0.45403752,0.6725621,0.3813715,0.647438
0.55617326,0.4933572,0.59597,0.45417026,0.598674,0.47196737,0.6218529,0.42089784,0.622658,0.6183263,0.71558326,0.5125945,0.5287465,0.6071605,0.47611386,0.7415222,0.3870314,0.71382135
0.47714603,0.47801602,0.6363772,0.4264344,0.5218027,0.49474692,0.6155877,0.4521301,0.56396085,0.5958919,0.7105836,0.45104194,0.5375486,0.5897575,0.52207106,0.69746464,0.4548783,0.6704233
0.49328798,0.41973752,0.5974488,0.46181178,0.44745207,0.5899143,0.6401953,0.5079903,0.44011715,0.54165834,0.76148146,0.32879707,0.6181123,0.49520114,0.51613075,0.5519823,0.48112,0.6261306
0.50026184,0.46898037,0.64577115,0.41354182,0.5189703,0.5079823,0.63892674,0.44302306,0.56788063,0.6126946,0.73866785,0.44388074,0.5557374,0.6026787,0.5336454,0.70709914,0.44927105,0.68402797
0.47754884,0.53335994,0.57628345,0.46738717,0.61143607,0.4486157,0.62613773,0.46345657,0.5582891,0.55595875,0.7432379,0.47388333,0.4377158,0.5608924,0.4464032,0.73131126,0.35787377,0.70622224
0.5096744,0.49204832,0.5712778,0.4650665,0.5076658,0.5174972,0.5786024,0.49677962,0.49862802,0.55565894,0.63585657,0.44383442,0.5512724,0.52421546,0.5225408,0.5758448,0.466476,0.5822527
0.5219328,0.49840927,0.5396812,0.45898616,0.49560288,0.52355164,0.5395955,0.47226202,0.469273,0.537531,0.5878313,0.4537693,0.57409906,0.50037324,0.5329092,0.5626659,0.47774574,0.5493414
0.42730445,0.45415622,0.6643636,0.43281573,0.45732304,0.53611,0.65075713,0.5101055,0.48827195,0.528985,0.7417842,0.34137496,0.542776,0.5285781,0.51964796,0.6371638,0.47194463,0.64333594
0.55733657,0.4617064,0.5634436,0.45266986,0.51321054,0.5399824,0.58982444,0.45611575,0.5207185,0.60907835,0.68519115,0.4615127,0.6064668,0.55867285,0.534483,0.5996932,0.47022206,0.6214705
0.554887,0.42673457,0.65481293,0.3934901,0.46054366,0.5674071,0.6495869,0.4393941,0.5455584,0.644308,0.7385935,0.41851968,0.6480876,0.6074337,0.5882293,0.647466,0.500652,0.65075254
0.42193255,0.4216168,0.7103295,0.40081668,0.41313338,0.5600976,0.66956276,0.49810162,0.4995419,0.5547956,0.7588963,0.31855953,0.5882192,0.55566734,0.5567846,0.64854556,0.5114492,0.65074617
0.50648916,0.4546411,0.6007522,0.4456434,0.46011877,0.54433566,0.5702918,0.48417994,0.50369626,0.5815157,0.6276196,0.43120113,0.60986054,0.5419577,0.55723387,0.5602044,0.5219702,0.5720613
0.46437556,0.5008162,0.59042954,0.46387848,0.5335337,0.48547083,0.5839703,0.4848512,0.52679384,0.5501686,0.66617703,0.4498342,0.5057942,0.5401586,0.4937913,0.64517134,0.44431776,0.6307936
0.46094286,0.47014052,0.4698333,0.5582791,0.5482822,0.52335805,0.54575497,0.5175535,0.43720588,0.48325026,0.7021733,0.39695835,0.52624816,0.43489498,0.40365288,0.54056126,0.42162177,0.62799406
0.5019711,0.4682105,0.643603,0.41538438,0.5141464,0.5126013,0.639339,0.4483536,0.56007546,0.6081802,0.73632973,0.43771675,0.5586584,0.5963418,0.53508115,0.69664854,0.45123535,0.6770928
0.51955473,0.46290696,0.5774012,0.45350674,0.48369178,0.5297249,0.54496515,0.4678375,0.52263945,0.5973188,0.604673,0.47187403,0.6073965,0.55302125,0.55053717,0.56985795,0.51845336,0.5752841
0.5191529,0.41290572,0.6864829,0.38228905,0.413283,0.57459104,0.63141507,0.45184273,0.5408893,0.6365453,0.69639814,0.40128648,0.6650616,0.60543436,0.6141718,0.6216799,0.5533012,0.6156675
0.52486956,0.45526153,0.57038444,0.4691357,0.49570847,0.56733716,0.6493359,0.5066035,0.45017168,0.5411155,0.7623065,0.3587834,0.57872427,0.4973393,0.5002336,0.5722075,0.43150148,0.6339383
0.56066626,0.5091162,0.544931,0.46360952,0.5638209,0.50343907,0.60027325,0.46742022,0.5274953,0.5873306,0.6810735,0.4850082,0.53693444,0.5511979,0.5073718,0.6270529,0.41359463,0.62844294
0.45430768,0.43965125,0.6951188,0.40033808,0.44897303,0.5463392,0.6763158,0.48334935,0.51860857,0.5720231,0.76674616,0.34839952,0.5733283,0.57116073,0.5505519,0.6731028,0.4791711,0.66704464
0.4972845,0.4354487,0.6893854,0.38917965,0.46074364,0.5515106,0.6802233,0.45831943,0.54038084,0.6091865,0.77360195,0.37594545,0.59852076,0.59797144,0.5658529,0.686492,0.47639325,0.67836505
0.42323238,0.46960056,0.65505886,0.43087292,0.48460492,0.49351656,0.58751386,0.47249258,0.5500205,0.5688955,0.66678274,0.42946744,0.5361227,0.5713852,0.5265926,0.67136943,0.49713984,0.6394975
0.47980386,0.46049008,0.646642,0.42619503,0.47225338,0.53728026,0.6420283,0.4903453,0.5073909,0.56436485,0.72208065,0.38243103,0.56531143,0.5504259,0.53936714,0.63281924,0.4715112,0.63376856
0.4281008,0.5010451,0.63796157,0.45118615,0.5380671,0.49310994,0.6798585,0.51044345,0.5000202,0.5061637,0.7875966,0.35723984,0.4527063,0.5234152,0.46153015,0.70060325,0.3794277,0.6956576
0.4792026,0.4158357,0.7070943,0.38296208,0.41340464,0.57106125,0.66651094,0.47143456,0.52409494,0.603069,0.74507135,0.35410225,0.6299449,0.5887591,0.5911381,0.64672107,0.52555186,0.64316493
0.4373547,0.44840506,0.5493579,0.5007613,0.46858242,0.52867657,0.50267494,0.49956793,0.475414,0.53421235,0.59648246,0.42641804,0.5866096,0.49127588,0.49752656,0.5263896,0.5351091,0.5659594
0.565091,0.53089046,0.45294818,0.5124235,0.62354267,0.45844033,0.49468198,0.43693984,0.5591847,0.60386336,0.5895976,0.59236664,0.5207442,0.5516709,0.4660125,0.6213853,0.41640687,0.6189204
0.57195514,0.5122523,0.50581825,0.47821695,0.5666677,0.48735526,0.51411295,0.44738024,0.5524008,0.6141366,0.56712043,0.56265396,0.56393933,0.5629032,0.52166134,0.5915764,0.46216273,0.5814495
0.46599457,0.4062776,0.72841936,0.3697418,0.40529016,0.57002735,0.6740279,0.46092778,0.53978735,0.6142074,0.7576509,0.35040167,0.63503665,0.6062779,0.5981182,0.6723877,0.5346554,0.660237
0.46243346,0.48357975,0.6507227,0.42198664,0.5408,0.4846435,0.6477062,0.45002922,0.57058436,0.5884772,0.75903046,0.43389398,0.5067136,0.5951588,0.5019983,0.7377757,0.4206955,0.70858216
0.4413202,0.4253763,0.707925,0.40117314,0.40521306,0.57780445,0.69476587,0.5192167,0.47003278,0.53771883,0.7733878,0.29203996,0.58899045,0.5348819,0.56129164,0.620188,0.49594414,0.6366344
0.5246068,0.45706204,0.6434444,0.41148353,0.49166012,0.538397,0.65098405,0.4582073,0.5383658,0.60824305,0.73951024,0.41617158,0.5872529,0.58612615,0.5526782,0.66323704,0.461979,0.65807694
0.55527073,0.47839198,0.59311616,0.43423238,0.5217856,0.5270775,0.62044036,0.45831522,0.53504705,0.6081646,0.70117027,0.45778087,0.5786466,0.57362634,0.5409791,0.6356706,0.4483733,0.6349761
0.4726702,0.48631915,0.47160408,0.54681695,0.5487208,0.5220583,0.5557829,0.5245249,0.42866325,0.48478186,0.6963947,0.40099773,0.51566964,0.43721253,0.42047697,0.531779,0.4161242,0.6114783
0.5048657,0.43919486,0.5077021,0.5047718,0.48406756,0.54684925,0.4936054,0.47512183,0.4808275,0.57388884,0.59960234,0.46126297,0.630339,0.5040025,0.50815153,0.50604653,0.53286725,0.5654475
0.47779375,0.51423246,0.55146724,0.49139467,0.5612314,0.49402052,0.6167389,0.5102746,0.4829653,0.51105917,0.7210302,0.41301048,0.4743834,0.4963996,0.45318803,0.62786,0.387821,0.6448605
0.4743062,0.46140173,0.6373998,0.4673795,0.50253904,0.49965996,0.5879633,0.4788606,0.5741545,0.55208856,0.63385195,0.43193695,0.55535966,0.54970825,0.49151856,0.6564742,0.47124878,0.6383644
0.44669124,0.4644204,0.6454399,0.42895773,0.47712225,0.5019151,0.57087415,0.46510342,0.55333805,0.5863882,0.63877875,0.44839156,0.5633359,0.57771397,0.54392093,0.6504968,0.5161196,0.6200722
0.47669506,0.46949765,0.6334424,0.4313457,0.5028863,0.5116651,0.6181802,0.46678704,0.53975683,0.5825517,0.71036786,0.42637795,0.55092007,0.5709165,0.5254458,0.6672657,0.46451834,0.65391874
0.5230334,0.5083376,0.52374655,0.48860496,0.5301369,0.49108058,0.4997301,0.48019168,0.5238103,0.5673078,0.5250049,0.52067196,0.5545679,0.5260926,0.51728874,0.5530853,0.48804823,0.5439632
0.59235495,0.502874,0.5460709,0.5189412,0.6129391,0.4850281,0.6241415,0.4724566,0.5893613,0.54590863,0.6783598,0.47498834,0.51694775,0.5277829,0.4197213,0.6749264,0.34551182,0.6801179
0.56570995,0.50811166,0.5137253,0.47222236,0.5796321,0.47656468,0.5139483,0.42715368,0.577074,0.63121706,0.5870681,0.5784603,0.5613839,0.5846765,0.515696,0.63164735,0.45806566,0.61253095
0.494989,0.50481695,0.5575389,0.47280195,0.5311949,0.48572958,0.5335076,0.4777754,0.53203595,0.56903535,0.5859375,0.49798182,0.5344581,0.54176944,0.5131114,0.599728,0.4750954,0.58391553
0.5590774,0.53799987,0.48116457,0.5327223,0.6139506,0.4552763,0.5157052,0.47660336,0.56241804,0.5489646,0.54831773,0.5523867,0.49754897,0.51588947,0.44231793,0.6058937,0.39815682,0.59806204
0.4199866,0.49043006,0.5774737,0.4966404,0.5020884,0.51426095,0.6030704,0.5431385,0.44466063,0.4712097,0.6985567,0.3575425,0.48968032,0.46138024,0.46015775,0.57592523,0.43608314,0.60829085
0.5174093,0.4763229,0.56807685,0.46052524,0.48770082,0.52184767,0.5336391,0.47840178,0.5168451,0.58527464,0.5750235,0.47914055,0.5934014,0.54241455,0.5484264,0.5540374,0.5164627,0.5551456
0.4476961,0.47888112,0.49551466,0.53269684,0.4989612,0.4928364,0.46366557,0.5212919,0.47174257,0.53435135,0.5351604,0.47570226,0.5499758,0.45643914,0.48916382,0.50566494,0.5110063,0.5240525
0.56519717,0.5221979,0.52280354,0.51217026,0.622695,0.4531463,0.5558441,0.4500983,0.6039707,0.57464963,0.6111578,0.54719764,0.50411206,0.55325097,0.43910566,0.67643356,0.38108912,0.6569379
0.39378127,0.4598273,0.5603952,0.52388847,0.4888916,0.54831004,0.63397163,0.5664979,0.38778368,0.42852157,0.7774818,0.2844134,0.49625063,0.41142616,0.4178668,0.55095714,0.41634148,0.6389094
0.5212907,0.50302047,0.41074157,0.5624292,0.6058122,0.4922616,0.49752647,0.47821647,0.47717097,0.5361151,0.6502761,0.5046851,0.521857,0.4704812,0.4104319,0.55493367,0.4074739,0.62135625
0.54196864,0.545281,0.5014991,0.5032966,0.6299253,0.442302,0.54377216,0.4539575,0.57402074,0.57497823,0.62016904,0.5590179,0.47361702,0.55130464,0.4502318,0.6678473,0.38133475,0.6446782
0.58156365,0.5252629,0.4854454,0.55449355,0.61976546,0.45727548,0.5180962,0.47797117,0.5902433,0.537446,0.52519554,0.54873323,0.51250416,0.5070241,0.417318,0.60991305,0.3870075,0.6066207
0.42474684,0.5018144,0.5656878,0.49956548,0.5559972,0.48837814,0.6181215,0.5145196,0.47777998,0.489089,0.7485719,0.3840252,0.45681128,0.48601568,0.427089,0.65028507,0.38847363,0.67161334
0.49091724,0.5218444,0.5454648,0.48153383,0.5642792,0.46690214,0.5430008,0.47551757,0.5389913,0.56087303,0.61133915,0.5066598,0.49828044,0.5408204,0.48702857,0.6305625,0.43889904,0.6104252
0.5407909,0.5532404,0.47069666,0.5134159,0.6290498,0.4496126,0.534445,0.4684907,0.5369445,0.5613464,0.6199791,0.5516159,0.46797782,0.52753764,0.44916415,0.6303108,0.38048777,0.6229207
0.51273936,0.5494683,0.505072,0.49966633,0.61571515,0.44432083,0.54292536,0.46927446,0.5468008,0.558712,0.62421465,0.53878963,0.46034238,0.5378177,0.45607728,0.6516366,0.39070693,0.630573
0.5453506,0.5318446,0.5373615,0.4678021,0.61737686,0.45892373,0.59163505,0.4403909,0.57259816,0.6001353,0.6948771,0.5334067,0.4873077,0.5787518,0.47503686,0.69993764,0.3781214,0.67686135
0.5077156,0.53290004,0.53480583,0.4816877,0.5961516,0.45434925,0.55546415,0.46095297,0.55593514,0.57306457,0.6399427,0.5265114,0.48116127,0.5545687,0.47339007,0.6645487,0.40780294,0.63996255
0.50215745,0.5100828,0.58805156,0.44558468,0.5859289,0.4565431,0.5842515,0.42835528,0.5961782,0.61293155,0.6879866,0.5256481,0.50291044,0.6038813,0.49417984,0.72494256,0.41874135,0.68598926
0.38426572,0.45587155,0.7005924,0.41943425,0.46322376,0.5171539,0.67401975,0.5056725,0.5083719,0.5214197,0.77577156,0.32554334,0.50753874,0.54464597,0.50596005,0.6963676,0.4565904,0.6840379
0.5824195,0.5210855,0.47160554,0.5325966,0.57664424,0.49384174,0.52278304,0.46522403,0.5077282,0.48075023,0.5385629,0.48296353,0.54348266,0.450349,0.43165076,0.5915541,0.3861789,0.57752466
0.4795744,0.4523935,0.462431,0.54381144,0.5177067,0.5325078,0.48270708,0.4907025,0.4558308,0.5340226,0.6216535,0.45093003,0.5890674,0.46478686,0.45304924,0.50132763,0.4952472,0.5818841
0.41618913,0.42317116,0.7281534,0.38544804,0.42099297,0.5445446,0.66902834,0.47754544,0.5338468,0.5773678,0.7588448,0.33978862,0.5835209,0.5867532,0.5643661,0.68926716,0.5145337,0.670421
0.47326335,0.514321,0.5746887,0.50629514,0.5758378,0.46530274,0.5961876,0.50073403,0.546757,0.50625247,0.6639961,0.44224432,0.46540353,0.50974715,0.42942065,0.66539365,0.38681698,0.6552786
0.44614914,0.5187728,0.5641328,0.48721972,0.5404968,0.47087985,0.5507473,0.50404805,0.511325,0.5213087,0.6156048,0.4599363,0.4803369,0.5124775,0.4776802,0.61367136,0.44587904,0.5991666
0.54072183,0.5111023,0.5623867,0.45682412,0.5803048,0.48206857,0.60031754,0.44904932,0.56006634,0.5986075,0.69373137,0.5022444,0.51852363,0.5750038,0.4966336,0.6783131,0.4060151,0.6616677
0.47830403,0.4926685,0.5807929,0.46303558,0.5096523,0.49228844,0.53686,0.478888,0.532582,0.5695217,0.5876223,0.48214194,0.5456107,0.54618096,0.52392274,0.6012605,0.4943391,0.5828914
0.47804305,0.46898177,0.6000135,0.45338383,0.45809504,0.52459043,0.5376215,0.4944524,0.5071458,0.56557834,0.5681375,0.4472984,0.5887066,0.5341107,0.5550855,0.548677,0.53741723,0.54430985
0.45145813,0.48045805,0.63221735,0.47321388,0.5243063,0.4888563,0.6158832,0.4947826,0.5516686,0.52327055,0.6845344,0.40669823,0.50584173,0.5317893,0.46522677,0.67457134,0.42954195,0.6604312
0.53504395,0.4610886,0.5930913,0.4388685,0.4816126,0.5359106,0.56885386,0.46291476,0.5288807,0.60875165,0.6275412,0.4662626,0.61359835,0.5660627,0.5626064,0.5844426,0.5116349,0.5857056
0.49433267,0.46208468,0.6243948,0.43201917,0.4720248,0.5283658,0.58713216,0.47464037,0.5269633,0.5882701,0.6480714,0.43645665,0.58868253,0.5626679,0.5554527,0.60811806,0.5077035,0.59956884
0.4674013,0.4380972,0.67071897,0.40435815,0.444139,0.5270289,0.58043724,0.45023566,0.5628698,0.61825645,0.64363176,0.44281438,0.61438984,0.6016232,0.581276,0.64577836,0.5504277,0.6161766
0.44874498,0.52338773,0.5720955,0.48603144,0.55328345,0.478696,0.6066272,0.51757175,0.49135384,0.50033176,0.69315183,0.41573,0.45486885,0.49888593,0.4579557,0.63499826,0.39947227,0.6330355
0.46183857,0.40855026,0.6607594,0.4260134,0.40982327,0.5865481,0.6444033,0.5009223,0.46834043,0.5578614,0.7438643,0.3239628,0.62924254,0.52876425,0.5540972,0.5807593,0.5233096,0.6216542
0.42961773,0.4515462,0.684924,0.41015565,0.46539006,0.51509947,0.630537,0.47067982,0.5460891,0.5772218,0.719454,0.39304525,0.55500644,0.5817509,0.54076844,0.68658495,0.49435,0.6611622
0.5640692,0.5418551,0.47767317,0.4990021,0.60436213,0.45627242,0.50618684,0.4537188,0.55501616,0.59388715,0.5648534,0.57818145,0.510987,0.5508115,0.48848101,0.608535,0.42466208,0.58677614
0.5702187,0.5449847,0.47579676,0.49685103,0.6168437,0.45463347,0.5110465,0.4470202,0.5619482,0.60060525,0.57316285,0.58965605,0.50854635,0.557194,0.48505077,0.62212664,0.41415265,0.6024506
0.48589414,0.4982891,0.555724,0.5002786,0.5438044,0.48732877,0.5571507,0.49456668,0.52723515,0.53085226,0.62093645,0.45893696,0.5164485,0.5116293,0.466463,0.6095249,0.43958429,0.6115161
0.4851944,0.47790334,0.47768456,0.5483019,0.54496133,0.49606785,0.47192866,0.48766783,0.50659376,0.5298272,0.5596063,0.49090675,0.55580133,0.47975564,0.44153154,0.53918356,0.47724432,0.5806228
0.45563835,0.47562295,0.5219854,0.51368636,0.49006286,0.5073441,0.49295184,0.51617783,0.47276083,0.53306407,0.5616236,0.45480385,0.55827415,0.47286126,0.49842083,0.5147239,0.51068383,0.5372189
0.52515894,0.53579885,0.5072028,0.49680948,0.6087104,0.46350297,0.567222,0.46985626,0.5336664,0.56059253,0.6654883,0.5133557,0.47735196,0.5338167,0.45644945,0.6483084,0.384264,0.6434705
0.5283415,0.51370025,0.5257418,0.5355593,0.57729656,0.47654355,0.5520817,0.5052674,0.54539233,0.5086875,0.57830584,0.476995,0.5037972,0.48898718,0.43122354,0.59782803,0.40231812,0.603482
0.58659786,0.5285549,0.52757657,0.47043526,0.60797393,0.50083303,0.6559242,0.47274825,0.51503026,0.5733796,0.75897497,0.4636504,0.49627668,0.5408119,0.47354794,0.66084075,0.3410965,0.6737427
0.45737723,0.49261016,0.59250355,0.46391436,0.5045172,0.492014,0.55143404,0.49039534,0.52215695,0.5512298,0.60862976,0.45625028,0.53028095,0.53580946,0.51485115,0.6068392,0.48682886,0.58997273
0.4215558,0.4511791,0.70037955,0.40224633,0.47438744,0.51240265,0.65991217,0.46752742,0.5514632,0.57556915,0.7612486,0.37606958,0.53909594,0.58919257,0.5309215,0.7189736,0.4711281,0.6924644
0.38163453,0.42864856,0.7393264,0.39139754,0.4207822,0.5419673,0.69512755,0.5015482,0.51087433,0.5384459,0.79044646,0.2989715,0.5469991,0.56272936,0.54041594,0.69858825,0.4890755,0.6851767
0.45250303,0.4468012,0.66446227,0.41642562,0.4472143,0.52629113,0.5907996,0.4714329,0.53938806,0.588416,0.6556035,0.41768345,0.59084964,0.57616013,0.5636328,0.633764,0.53243685,0.6126729
0.46783966,0.4871518,0.6044941,0.44990414,0.5120498,0.488677,0.5578025,0.46826246,0.5480635,0.5784022,0.6246468,0.47445998,0.5403311,0.5637504,0.5229189,0.6401584,0.48659232,0.614084
0.5134995,0.46880645,0.6416072,0.4083298,0.52935666,0.4983428,0.6199213,0.42083013,0.5949633,0.639435,0.7205862,0.48265362,0.5672026,0.62611204,0.5421617,0.7214989,0.45945388,0.68825495
0.4698519,0.5453094,0.58755493,0.47455356,0.6387006,0.4509064,0.7029484,0.48828268,0.5321508,0.5110529,0.82960695,0.40456218,0.38334897,0.53370446,0.40076816,0.76514435,0.28512585,0.75515026
0.45456702,0.5133113,0.60514134,0.45269668,0.5767499,0.45265168,0.60071135,0.45434275,0.5736884,0.5720205,0.7085164,0.4798467,0.4686312,0.57827735,0.47339424,0.7268842,0.40823224,0.69091874
0.41561425,0.47269186,0.6810271,0.42400774,0.4985176,0.5102049,0.6899057,0.4995499,0.51261896,0.5274284,0.7955349,0.3395782,0.489865,0.5475895,0.49250305,0.7113977,0.41624466,0.70087075
0.4849527,0.50234115,0.5615517,0.472979,0.53402185,0.47561306,0.5328541,0.4761427,0.54109985,0.5779498,0.5946819,0.50381625,0.5278879,0.5430471,0.5123699,0.6193585,0.47151074,0.5932803
0.42239165,0.50334,0.6187529,0.4744935,0.5486642,0.46165228,0.5996507,0.49053833,0.551641,0.5205962,0.68496996,0.43003997,0.4639037,0.53629225,0.45405895,0.69505554,0.4182402,0.6686593
0.524938,0.5596564,0.49850205,0.49828207,0.645729,0.43017003,0.55557567,0.45334667,0.5666013,0.57155657,0.6538667,0.55831945,0.4419602,0.554066,0.44231078,0.68962574,0.36185822,0.66249394
0.5590965,0.5220598,0.4988681,0.49346122,0.57515454,0.47839653,0.5122114,0.46192017,0.54575545,0.5894858,0.55797946,0.55418354,0.54037666,0.543887,0.5012511,0.5869781,0.4477733,0.57798254
0.4670247,0.42540094,0.69895995,0.39277348,0.4233603,0.5610918,0.66036177,0.47857893,0.5196049,0.5888211,0.7396213,0.3553607,0.6105997,0.5781788,0.57719517,0.64629245,0.51576585,0.64188915
0.4610887,0.4434446,0.51093036,0.5160448,0.47471124,0.5209888,0.4609081,0.49164402,0.48446476,0.566315,0.55363375,0.47278485,0.6085618,0.48610947,0.50801045,0.506663,0.548579,0.5415614
0.49282965,0.4837544,0.5900564,0.5311338,0.5535458,0.474678,0.5683807,0.5018954,0.5866416,0.4983695,0.5831073,0.44468257,0.51444286,0.50129277,0.41830721,0.6440086,0.4166333,0.6357791
0.42248902,0.5092208,0.5920532,0.47720563,0.52503353,0.4739614,0.56606406,0.506927,0.5115264,0.51566064,0.6372099,0.43558282,0.47874224,0.51585877,0.48006037,0.62918264,0.45235604,0.61154723
0.49143705,0.48088023,0.4233916,0.5673092,0.5671059,0.5157865,0.49988467,0.5004561,0.44320658,0.5098544,0.65664494,0.45378256,0.5400354,0.44301933,0.4120497,0.51539946,0.43314946,0.6043265
0.52157897,0.52426636,0.55631727,0.4648677,0.5978256,0.4653628,0.59882724,0.45265546,0.5606252,0.58506125,0.6999347,0.50503916,0.4867211,0.5693045,0.47707513,0.6937699,0.38851947,0.67261994
0.48728305,0.51047164,0.57004625,0.4731115,0.55999804,0.4684071,0.5591415,0.4674271,0.55672264,0.5675384,0.6319606,0.49705338,0.50496036,0.55402124,0.4863742,0.6570626,0.43814936,0.63244677
0.47028604,0.4791523,0.5471587,0.49908924,0.5166452,0.5292023,0.60103345,0.5198403,0.45133895,0.50531137,0.7144813,0.38042772,0.5263698,0.47438517,0.4643707,0.57077205,0.43089992,0.61989117
0.4709134,0.48182213,0.55422384,0.48392373,0.49537507,0.504368,0.50674945,0.4900375,0.5075142,0.55495834,0.55949306,0.47450486,0.56338835,0.51938605,0.5167257,0.5521067,0.5157903,0.555863
0.46145973,0.51749736,0.57504636,0.47464642,0.55698645,0.469845,0.58088166,0.4877769,0.52816886,0.5395937,0.6652553,0.46106344,0.4775251,0.5336585,0.47540423,0.6545764,0.42205024,0.6366964
0.51635146,0.52409136,0.5584257,0.46146116,0.60248786,0.4528667,0.57694286,0.43686676,0.583879,0.60174465,0.6774323,0.53441364,0.48995814,0.5873726,0.48141858,0.70819926,0.40190196,0.6751788
0.50436956,0.5262745,0.52724284,0.4901067,0.5797358,0.46815875,0.5512091,0.47616723,0.53181326,0.5575693,0.63169235,0.50582635,0.4919076,0.53332037,0.47413483,0.6303916,0.4184176,0.61983734
0.51017326,0.5180184,0.5385108,0.52272123,0.586461,0.4603239,0.5485622,0.4888576,0.56500274,0.5248047,0.5887548,0.49546286,0.4901104,0.51277024,0.43416646,0.6357104,0.403665,0.62413746
0.45942864,0.46325642,0.6407578,0.42733902,0.47842246,0.50365555,0.5655056,0.45878366,0.55847496,0.5969135,0.6308657,0.46014827,0.5733512,0.58378434,0.5501027,0.64762187,0.5203392,0.6167414
0.4323809,0.48909253,0.5545993,0.51237625,0.5230826,0.49013954,0.54040366,0.5123467,0.49625963,0.50076234,0.62329817,0.42733407,0.50672233,0.4847474,0.4531429,0.58765,0.4590809,0.6030363
0.4998078,0.52351624,0.52946156,0.48953795,0.55876225,0.4717482,0.52645385,0.48253858,0.5279571,0.5566931,0.58117247,0.51227295,0.50733364,0.5292641,0.49149415,0.5993226,0.44914028,0.5850915
0.48984733,0.51618993,0.49005458,0.5202905,0.55730563,0.48165044,0.5025716,0.49721834,0.4950239,0.5316425,0.5745623,0.49759337,0.51215446,0.49213466,0.466847,0.554338,0.4522833,0.57040304
0.5208684,0.5485744,0.50198543,0.5044662,0.61456954,0.4514637,0.5535771,0.47747326,0.53729916,0.5494619,0.6324824,0.5250587,0.46159902,0.52699333,0.45161885,0.6416397,0.38264868,0.62839943
0.4047885,0.48790362,0.6744419,0.4281171,0.5336529,0.47951102,0.6776459,0.48116845,0.54367894,0.53698176,0.7942111,0.37381822,0.45920035,0.565703,0.47273886,0.7499129,0.39809227,0.7247196
0.44504493,0.5313274,0.5745649,0.47855094,0.5865801,0.4463011,0.5867516,0.4802277,0.54507333,0.5355268,0.68684053,0.47246313,0.44076607,0.541308,0.4511701,0.69569004,0.3940736,0.6678191
0.516856,0.5182822,0.5597904,0.45844957,0.5893204,0.45789918,0.5633322,0.4344036,0.58272576,0.60564804,0.6560182,0.5382248,0.5062589,0.5880164,0.49310035,0.6962762,0.4208578,0.660998
0.49947545,0.47782332,0.53674805,0.49651605,0.4628312,0.5201806,0.47081745,0.44695538,0.4702159,0.42533007,0.44960195,0.41428348,0.60665345,0.41515467,0.47060612,0.5844284,0.48160046,0.5229354
0.5360494,0.5016478,0.54287624,0.46585888,0.5394845,0.48800418,0.51626414,0.4529541,0.55486053,0.6070581,0.5623483,0.5410448,0.5650139,0.56694514,0.532142,0.5995537,0.48654756,0.57934386
0.45761535,0.46451178,0.54056025,0.510013,0.535283,0.5371203,0.63567007,0.51540464,0.43905634,0.49426052,0.7922249,0.3452664,0.5150528,0.46438682,0.42586246,0.6066212,0.393571,0.67746043
0.56108624,0.5430517,0.5105109,0.47939685,0.6330282,0.45267197,0.5767472,0.4399219,0.5716113,0.600355,0.67637724,0.5547729,0.4816583,0.5730044,0.46823847,0.68894947,0.36987764,0.66745114
0.5860636,0.46659556,0.57301414,0.4308496,0.5297099,0.52306956,0.5748133,0.41887963,0.5733398,0.6578376,0.6591912,0.5239935,0.6204482,0.6087061,0.5593412,0.6403653,0.48072904,0.6322166
0.4826296,0.50670797,0.5531151,0.51634717,0.5271809,0.5013357,0.57569605,0.53824866,0.48467097,0.48053172,0.61104983,0.41092405,0.50136423,0.4644838,0.45732722,0.55713737,0.42727786,0.5762429
0.5061284,0.5302431,0.55606186,0.47172245,0.60138756,0.4619194,0.60759586,0.46515983,0.5485633,0.56477594,0.71165967,0.4874141,0.46617335,0.55479145,0.46297264,0.6943312,0.3754306,0.67616206
0.5411941,0.51193196,0.5138995,0.5225655,0.58666736,0.4834469,0.5645689,0.48866752,0.5373603,0.5338081,0.6278648,0.48370844,0.5108375,0.5046541,0.4404896,0.6114464,0.39465418,0.62418956
0.5346617,0.5036467,0.53760093,0.47022298,0.538366,0.48845947,0.5121377,0.45819318,0.5486142,0.6009376,0.5543314,0.53912896,0.56303364,0.5597683,0.53026634,0.5891361,0.4872628,0.5714303
0.49421644,0.49544406,0.5388699,0.48314154,0.54968566,0.48205072,0.52367276,0.45925543,0.54238963,0.5809309,0.61198026,0.5112526,0.5390718,0.54822755,0.49295518,0.62080634,0.46727818,0.6143804
0.42763227,0.46381855,0.6795587,0.4105792,0.49934196,0.48870164,0.6217248,0.44887182,0.5784885,0.59332377,0.72273815,0.4298236,0.53231096,0.60388094,0.5260027,0.7278577,0.47588742,0.6886076
0.49089432,0.45986333,0.58749497,0.4607404,0.49436358,0.5339262,0.5951159,0.4834179,0.4986299,0.5641543,0.6953391,0.41379195,0.5743883,0.53126144,0.5135122,0.60068405,0.47373128,0.62337464
0.52796817,0.51799506,0.5233459,0.48690978,0.56120557,0.47579435,0.5178363,0.46826845,0.5442705,0.57877505,0.5648426,0.53489405,0.5310411,0.54334265,0.50188774,0.5977407,0.45674637,0.58232105
0.52622133,0.5030876,0.59448004,0.4362612,0.582986,0.47386265,0.6168649,0.42805278,0.58820844,0.61934406,0.72577834,0.50525,0.5161741,0.6062324,0.5011465,0.72696793,0.40504414,0.6974071
0.5390936,0.4580886,0.59292626,0.43097332,0.47188327,0.52248377,0.5095258,0.43851626,0.5659176,0.6432662,0.535892,0.52844614,0.6407186,0.5961394,0.5912254,0.57779163,0.5629287,0.5544187
0.44481224,0.43940327,0.6909422,0.39648268,0.45600408,0.5149973,0.60429394,0.44386068,0.5768411,0.61620015,0.68669856,0.43128464,0.59055763,0.61336046,0.56744087,0.6921484,0.52982116,0.65469927
0.5758946,0.52436876,0.52357733,0.4649909,0.60672224,0.46960366,0.5661826,0.42981005,0.57833284,0.6240569,0.654355,0.5611198,0.5255736,0.5881703,0.4996065,0.6723957,0.40537727,0.6503455
0.46233395,0.47992903,0.5281796,0.5244014,0.4823551,0.47548223,0.4652691,0.5263257,0.50361574,0.53961164,0.4765277,0.48666883,0.5547363,0.4483177,0.5114685,0.53321695,0.50896037,0.497955
0.5257554,0.47540095,0.5975998,0.4516971,0.52861804,0.49126166,0.55096126,0.43880036,0.593753,0.61528236,0.60382384,0.5159418,0.578755,0.5907754,0.5261097,0.6562613,0.48466223,0.62697405
0.4059527,0.43628588,0.71349186,0.39510912,0.4427138,0.51678264,0.629712,0.46335086,0.55953276,0.58631164,0.71899074,0.38513187,0.5679477,0.5976511,0.5547791,0.70160466,0.5210537,0.6672332
0.4135154,0.46906355,0.6638655,0.42798766,0.485773,0.49090022,0.5968833,0.4724213,0.5523291,0.56585044,0.68197525,0.42141104,0.5280553,0.5735667,0.52221185,0.68485683,0.49134073,0.65117615
0.52876395,0.53933424,0.5213314,0.48231235,0.6154016,0.44867688,0.55602634,0.44899794,0.5677457,0.5870511,0.64600444,0.54815394,0.47934023,0.56497395,0.47008064,0.6771537,0.3936109,0.65074533
0.5022836,0.42903665,0.6864576,0.38536274,0.4510913,0.5464893,0.64088047,0.4405155,0.5633883,0.63475686,0.7251322,0.41583553,0.62473893,0.61694527,0.5862237,0.6771822,0.5161072,0.6576677
0.461506,0.52481633,0.56572556,0.47871214,0.5715742,0.4573575,0.56787455,0.47995153,0.5404951,0.5451184,0.65357697,0.48289642,0.4682634,0.5400213,0.46899813,0.6652995,0.41784826,0.6408666
0.5134188,0.52871424,0.54432,0.4719857,0.5997197,0.4521569,0.55983967,0.4465811,0.5729317,0.5906145,0.6505633,0.53727484,0.48795384,0.57310677,0.47909564,0.6854185,0.40860668,0.6549126
0.5805359,0.53106546,0.49071422,0.5496939,0.63949454,0.4460725,0.5350531,0.46675357,0.6048555,0.5446254,0.56188726,0.55451226,0.49421027,0.5209413,0.40633684,0.6492016,0.3645758,0.63867
0.4034164,0.45381916,0.6167657,0.48092237,0.44855234,0.55440974,0.6385977,0.5582726,0.41453725,0.46042418,0.74182945,0.29371157,0.5278666,0.44967708,0.47816837,0.5546584,0.46144298,0.61022264
0.5279199,0.4957015,0.57740587,0.46060228,0.55508286,0.48623112,0.577288,0.45216757,0.56988144,0.5949011,0.64954865,0.5002837,0.54114765,0.57240903,0.50370157,0.6614727,0.43983066,0.6416177
0.49622053,0.48737285,0.5757153,0.4684734,0.55394775,0.48918676,0.58544016,0.45812738,0.5510179,0.5778136,0.6901211,0.47093865,0.5290828,0.55797666,0.4829432,0.66829723,0.43248487,0.66211975
0.4734809,0.43114135,0.6945514,0.3879337,0.44907412,0.53669107,0.6355243,0.44567356,0.5644381,0.6224149,0.7211502,0.4095884,0.60883087,0.61297524,0.57756335,0.6856338,0.5189633,0.66055363
0.50880796,0.5347394,0.50001353,0.51489484,0.6184119,0.46120584,0.57638633,0.4805988,0.5239184,0.5348832,0.6892165,0.4902885,0.45862913,0.5129397,0.4255564,0.6538902,0.3639256,0.6603242
0.5269614,0.54771096,0.49427104,0.50172853,0.6104771,0.44991663,0.52901095,0.46847242,0.54426235,0.56527543,0.5997332,0.5495991,0.47625574,0.53650373,0.4656729,0.6305648,0.40273145,0.6124034
0.53132993,0.54722476,0.49605075,0.49854273,0.61427903,0.44859728,0.531808,0.46250153,0.551021,0.5723865,0.6060519,0.5547908,0.47762,0.54373276,0.46666995,0.64010423,0.40023637,0.6197435
0.5634407,0.50100446,0.5455353,0.46035588,0.54774195,0.50713664,0.574581,0.46124575,0.5344739,0.6005659,0.6418766,0.5020442,0.5613256,0.5586213,0.52547747,0.6084027,0.44500092,0.60624164
0.5256646,0.54783565,0.48467705,0.50576276,0.60924757,0.45518914,0.531253,0.47077253,0.5271247,0.5511241,0.6094896,0.53579324,0.47541034,0.5212663,0.45849207,0.6248701,0.39559472,0.6116456
0.56901217,0.55414784,0.4720838,0.494538,0.6357154,0.4439486,0.52105653,0.43549106,0.56679755,0.5971183,0.599583,0.59301674,0.48955724,0.5601065,0.4709868,0.6555988,0.38936087,0.62715685
0.54063934,0.5300278,0.5499458,0.4598301,0.62312925,0.45296717,0.5997303,0.4296386,0.5877178,0.6098343,0.7110952,0.5376335,0.4832176,0.5936028,0.47389615,0.7249917,0.37341976,0.6958827
0.516581,0.4510414,0.5017442,0.5072426,0.51973075,0.5416719,0.5406908,0.4743266,0.47823194,0.5660229,0.67643034,0.44481665,0.598825,0.5021686,0.479924,0.5491439,0.47427207,0.6135179
0.48082763,0.50518334,0.5766158,0.516811,0.5564796,0.48665357,0.6127014,0.5252481,0.52090687,0.47940874,0.6668637,0.40257666,0.47726774,0.48018107,0.4253198,0.6297531,0.3850972,0.6382745
0.46185997,0.50895405,0.5296036,0.5042001,0.5331968,0.48305222,0.51514465,0.50320554,0.4980053,0.52585703,0.57826096,0.47447637,0.5107113,0.49858928,0.47966528,0.566684,0.468686,0.57093984
0.46391296,0.51060826,0.5925559,0.4644091,0.5655647,0.4770886,0.6268285,0.48288852,0.5283044,0.5413467,0.73531693,0.43180183,0.47005928,0.54117453,0.4649822,0.6905238,0.39218134,0.67913055
0.53022933,0.5178383,0.57090604,0.45310262,0.59811896,0.47165033,0.6226962,0.44506246,0.56671554,0.5956796,0.731652,0.49505258,0.4926196,0.58147806,0.4813774,0.7126434,0.3796888,0.69217247
0.57244974,0.5225069,0.5106793,0.5054953,0.62736124,0.45653915,0.5555194,0.44033796,0.5973536,0.590275,0.6306854,0.55644,0.5095409,0.561579,0.4469502,0.67770994,0.381135,0.66234624
0.47270215,0.49511358,0.49889538,0.52405816,0.5613201,0.49841142,0.55203557,0.49844715,0.47596782,0.51705706,0.6825769,0.4408114,0.50715494,0.48057568,0.4359527,0.5869388,0.4199849,0.6292946
0.52898747,0.52033496,0.5286279,0.47876444,0.587087,0.46913072,0.5518325,0.4530903,0.5547769,0.58917737,0.63868284,0.5304796,0.51165193,0.5596158,0.48604277,0.6500948,0.4209046,0.63423765
0.5140177,0.52979976,0.5446205,0.47139606,0.6034956,0.45023313,0.56232685,0.44451421,0.5756771,0.59206724,0.65566856,0.53892285,0.48512572,0.5754568,0.47714236,0.6912964,0.4045907,0.65991706
0.5278023,0.51728714,0.49269006,0.54108286,0.61870575,0.47089672,0.57308966,0.48530143,0.53578484,0.5201551,0.6742831,0.47917125,0.48018157,0.49466884,0.40045205,0.64124334,0.35896823,0.66292447
0.48180357,0.5325892,0.55419946,0.47786528,0.59674233,0.44791856,0.5713608,0.4639022,0.55815613,0.5622813,0.6665431,0.5080332,0.46202567,0.5553767,0.46293616,0.68862265,0.3985074,0.66001695
0.5256239,0.5151616,0.54280216,0.4691411,0.5696048,0.47035176,0.5372211,0.44978443,0.56368566,0.5991572,0.60574704,0.53984207,0.52751344,0.5698389,0.50613886,0.642254,0.44793284,0.61665547
0.5008242,0.43205434,0.6143705,0.4427447,0.4788274,0.5624756,0.64533204,0.47546062,0.49187043,0.57646114,0.7693223,0.37002492,0.6008501,0.5415636,0.5189547,0.62436336,0.46420982,0.66313726
0.38275042,0.5038885,0.6365961,0.46586907,0.5186378,0.48056582,0.6371192,0.5275142,0.49116707,0.47975093,0.7339555,0.35978982,0.4416739,0.5030232,0.45771736,0.67212343,0.41340792,0.6608895
0.47300246,0.43618506,0.6389453,0.4308824,0.4512301,0.54710436,0.6034878,0.47631347,0.5127388,0.5818959,0.69249994,0.3966921,0.6055491,0.55570513,0.5491189,0.61109936,0.51652217,0.62064433
0.47728685,0.5240699,0.5644963,0.47847193,0.5708213,0.47294983,0.60075873,0.49199516,0.5188541,0.53402686,0.6920138,0.4525149,0.46782634,0.52638406,0.46575704,0.6568548,0.39666316,0.64676005
0.46879765,0.47387412,0.49185848,0.55072635,0.51494795,0.52376527,0.5172217,0.53088415,0.4490326,0.48186776,0.60521793,0.4122091,0.54653805,0.4360238,0.43842888,0.49677825,0.464954,0.564963
0.49951884,0.44749025,0.6480192,0.41395462,0.45913923,0.5384844,0.6049038,0.46275502,0.53849053,0.60684067,0.67232466,0.4282037,0.60829526,0.5822577,0.5711628,0.6271153,0.5167457,0.61558473
0.54022515,0.51305467,0.5464031,0.483089,0.6075185,0.46714905,0.5926195,0.44636533,0.57905185,0.5846729,0.6915191,0.51133776,0.5018845,0.56536615,0.45664054,0.6962962,0.38156307,0.68273675
0.46652797,0.46370232,0.55804163,0.5136635,0.4899055,0.5300317,0.55981845,0.52544105,0.47339824,0.49746972,0.6296094,0.39091328,0.5565577,0.46702644,0.46847078,0.5376031,0.47350726,0.5815448
0.57257557,0.5499706,0.46870318,0.53072524,0.6415599,0.44268024,0.5222858,0.46179086,0.5759184,0.563516,0.57206863,0.5753382,0.48160878,0.5306593,0.43417287,0.6357667,0.37431026,0.62190783
0.5461412,0.5319775,0.437304,0.53510815,0.6199544,0.4718379,0.5169309,0.4713808,0.5097341,0.5555477,0.62815243,0.53700954,0.4989271,0.50309867,0.436658,0.58931166,0.39241728,0.61626005
0.5434411,0.5093983,0.53845423,0.49717942,0.58117634,0.4686526,0.5380897,0.45773426,0.5832597,0.5779305,0.58287615,0.5340351,0.5298762,0.5518841,0.4731389,0.641122,0.42885876,0.6219848
0.46828404,0.45461732,0.6451122,0.4209195,0.46566525,0.511775,0.5591428,0.45340887,0.5620336,0.6092237,0.61788416,0.4650729,0.59458494,0.59122145,0.5653181,0.63821805,0.5384771,0.6071013
0.50627905,0.52045953,0.55145484,0.48681468,0.5847769,0.4624748,0.5670852,0.46857008,0.5602226,0.56054115,0.64159393,0.5033544,0.49067032,0.54632324,0.46566477,0.66352504,0.40839598,0.643451
0.4870033,0.49770585,0.6119844,0.43796945,0.56042576,0.47363758,0.6093778,0.44350326,0.5767741,0.5978375,0.712918,0.48104906,0.5092598,0.59290755,0.5001495,0.7172214,0.42426944,0.6857379
0.46912912,0.48084122,0.6134871,0.44401056,0.5033274,0.4955323,0.5658272,0.46787375,0.54685354,0.5814992,0.63357234,0.46550566,0.54913336,0.5665756,0.5295231,0.64028805,0.4912787,0.6157468
0.4565438,0.46272337,0.66387177,0.4118216,0.49908313,0.4958163,0.60783434,0.4424938,0.57974607,0.60867107,0.7009767,0.45048177,0.5546453,0.6073534,0.5387782,0.7088983,0.48601878,0.67208946
0.43112648,0.5201377,0.5825752,0.4796257,0.5526822,0.46138802,0.5744057,0.49733755,0.5239643,0.5213508,0.65806144,0.4505674,0.4598114,0.5241442,0.46566582,0.6567333,0.42552567,0.63500816
0.4753825,0.4472253,0.66123354,0.40787393,0.46527725,0.5177615,0.5846382,0.44448397,0.5701016,0.62096375,0.655797,0.45493057,0.60065967,0.605335,0.57022387,0.66210246,0.5300542,0.6306433
0.40741363,0.43398795,0.6418462,0.45103395,0.44674352,0.5351097,0.59174204,0.4955204,0.49466234,0.53960186,0.6998636,0.36619118,0.57255054,0.5267632,0.5139814,0.61440367,0.5168458,0.62997377
0.54725295,0.44397584,0.6319661,0.4074365,0.46678206,0.544921,0.59255403,0.43987656,0.55683076,0.64324915,0.6547582,0.4673767,0.64013386,0.6043528,0.5908946,0.6215585,0.5256699,0.60933304
0.48016796,0.50886536,0.5995508,0.44630948,0.5781523,0.45642963,0.59188783,0.43874288,0.58744794,0.597115,0.6970893,0.5041642,0.49163502,0.59479034,0.48813966,0.72619945,0.41807374,0.6880641
0.4841586,0.45110393,0.6716108,0.40529773,0.47824988,0.5348607,0.66376865,0.4658895,0.5370021,0.59243953,0.7572793,0.387611,0.57192963,0.5843394,0.54651016,0.6827952,0.4650705,0.67238367
0.4756899,0.50667965,0.62177306,0.43898404,0.57984734,0.47150475,0.6596103,0.4561526,0.5626761,0.5729141,0.77834255,0.43949357,0.46934214,0.58071256,0.4717179,0.74625397,0.37418085,0.7224378
0.44895858,0.4670632,0.6634681,0.42240328,0.49169677,0.51512915,0.65348136,0.48172,0.52809495,0.56085086,0.74909484,0.38262627,0.53095585,0.56365037,0.51918197,0.68536896,0.45072117,0.6717684
0.50626755,0.4904695,0.6046396,0.44885075,0.525143,0.5244258,0.6625275,0.49932727,0.492831,0.5444499,0.75472045,0.38707235,0.5200091,0.5290877,0.5004942,0.6419164,0.40473434,0.6538992
0.45012158,0.45703968,0.69004315,0.39573902,0.50595707,0.4954975,0.64747036,0.43266493,0.5922909,0.6157926,0.7572635,0.43022758,0.54435456,0.6246889,0.5337205,0.7514772,0.46296683,0.7132071
0.46824026,0.48950815,0.6435379,0.4211973,0.5600262,0.46792787,0.62992364,0.43018186,0.5973056,0.60859,0.74583393,0.47230202,0.5034238,0.61506814,0.50028366,0.7570721,0.42050427,0.7177809
0.44325715,0.5101586,0.6225194,0.447469,0.5730716,0.45904914,0.6333573,0.46362948,0.56257397,0.55811524,0.7485432,0.44454086,0.4567971,0.5720291,0.46593145,0.7391311,0.3912517,0.70855606
0.43032736,0.47817943,0.66117156,0.4284985,0.5108879,0.4956418,0.64871126,0.47935277,0.53846276,0.5533968,0.751216,0.39228952,0.5023668,0.56504625,0.50074214,0.7077342,0.43602672,0.6861554
0.557823,0.46649155,0.50821143,0.48703244,0.52021915,0.5357472,0.5310376,0.463285,0.5036171,0.5965549,0.622315,0.48960617,0.6118426,0.5301253,0.5185257,0.5433923,0.48735553,0.5825886
0.48440313,0.525365,0.5551053,0.48977727,0.5856554,0.45599723,0.5686628,0.47655934,0.55328655,0.54587054,0.6474498,0.49271807,0.4719279,0.53833413,0.45655414,0.66797924,0.40369642,0.64635855
0.5744061,0.55177003,0.46447906,0.502826,0.6269654,0.45011875,0.5088404,0.44812882,0.5606451,0.5973889,0.57182986,0.5956314,0.49975556,0.55315316,0.4777053,0.62158173,0.40441534,0.60286367
0.47873557,0.5050779,0.59567773,0.45188332,0.5592489,0.46978825,0.58873475,0.45608655,0.56395394,0.5815206,0.6829223,0.48426607,0.5013678,0.5747345,0.49386734,0.6930717,0.43019015,0.66357917
0.4594308,0.52099216,0.5757697,0.4738671,0.56743085,0.46228275,0.58301693,0.4817955,0.53737813,0.5431985,0.67329895,0.4683098,0.46853048,0.5404071,0.46960226,0.6713947,0.41358536,0.64910686
0.4641737,0.5303076,0.5711564,0.47380233,0.5949216,0.4458683,0.5870856,0.466659,0.5589235,0.5542516,0.6895534,0.49005792,0.45054427,0.5558723,0.4562994,0.7056286,0.3915486,0.67548746
0.4410164,0.48217344,0.64044535,0.43371186,0.51784503,0.47989044,0.5928758,0.4585891,0.5661547,0.58060086,0.6838683,0.45395893,0.5197587,0.5829798,0.51310116,0.69781595,0.46799117,0.66235346
0.48550028,0.45083508,0.65788424,0.41012526,0.47223923,0.5254792,0.61246514,0.45427752,0.5540281,0.6094366,0.691472,0.43209618,0.5911103,0.59374523,0.5610196,0.6618707,0.5040444,0.64102596
0.47423252,0.49884427,0.5809651,0.46486512,0.540507,0.4823181,0.5698477,0.47197393,0.5390172,0.5655908,0.65577054,0.47167715,0.5156107,0.55052865,0.49558765,0.6492038,0.44981268,0.6330729
0.47425333,0.44925645,0.67091614,0.40451825,0.4744417,0.5221539,0.6261312,0.45163202,0.5598122,0.6087909,0.7132653,0.42287835,0.5823086,0.59980816,0.55649143,0.68345404,0.49606884,0.6592324
0.5061766,0.44174218,0.65783095,0.40446043,0.45839727,0.54112804,0.61429495,0.45275155,0.5489738,0.62016994,0.6869286,0.42996725,0.61672187,0.5960107,0.5778087,0.642953,0.5171807,0.6284437
0.43201327,0.50926703,0.584322,0.49211034,0.5405006,0.5081626,0.66919917,0.5486505,0.43976197,0.4564737,0.7798739,0.3300391,0.44227347,0.45966628,0.43221915,0.62964594,0.36404526,0.6620751
0.49282187,0.51053005,0.57580805,0.4588537,0.5666339,0.4653031,0.56543106,0.45111927,0.5686925,0.5894724,0.65154904,0.5110149,0.5074375,0.5756465,0.4963703,0.679883,0.43671066,0.6487348
0.48198304,0.46576932,0.6631168,0.40881994,0.5138851,0.5095854,0.6593767,0.4494408,0.56268996,0.60145974,0.76429117,0.41773075,0.5442655,0.5997544,0.5274947,0.7207668,0.44044444,0.6986161
0.4840421,0.49240008,0.6253713,0.43088278,0.5554928,0.47888514,0.6267681,0.44370455,0.5757649,0.5978401,0.7345392,0.46517298,0.51034296,0.59599257,0.5017069,0.72666633,0.42007333,0.6966998
0.4484253,0.5091447,0.59961796,0.4676244,0.54949385,0.48523152,0.6348801,0.5028086,0.505899,0.5179341,0.73717755,0.40225628,0.46485507,0.5210611,0.46359465,0.67154294,0.3949302,0.6668575
0.5042423,0.5084582,0.5879324,0.4512135,0.57203627,0.4782027,0.6169654,0.45721823,0.55552584,0.5822918,0.7188658,0.47316512,0.4989179,0.57186174,0.48865232,0.6974659,0.40262836,0.677403
0.46064502,0.46415788,0.47948647,0.54603666,0.5293308,0.5366827,0.55466384,0.52145237,0.4223708,0.48743016,0.7108399,0.38281864,0.53939086,0.43569404,0.42215624,0.5257819,0.43481138,0.6180782
0.42901918,0.5006101,0.625362,0.4536629,0.53555614,0.47891092,0.6246466,0.49121642,0.52764934,0.5320607,0.72355944,0.41117862,0.4731735,0.542014,0.47750187,0.68960744,0.41948423,0.6698934
0.5351031,0.5374122,0.5393307,0.47082564,0.6258829,0.45365804,0.6042392,0.44562218,0.5688213,0.5884252,0.71413594,0.52198,0.46777388,0.57299507,0.46171093,0.7115215,0.36158526,0.68914044
0.42650336,0.48923224,0.6337075,0.44791877,0.5128709,0.48711258,0.6092147,0.48957512,0.5289577,0.54039294,0.6983442,0.41356304,0.49756888,0.5463024,0.49599388,0.67269045,0.4502329,0.6513467
0.5237579,0.42584145,0.58989483,0.47485512,0.4815143,0.5481902,0.57090664,0.46452746,0.5377756,0.5841233,0.65413564,0.43016115,0.6323094,0.5407814,0.51086575,0.59167254,0.5021833,0.6224051
0.4855024,0.45262623,0.6424938,0.42845276,0.45914322,0.54973024,0.6390332,0.49553943,0.4948569,0.56248206,0.7170133,0.37360027,0.5817257,0.5419324,0.5455882,0.6092555,0.48294982,0.6204623
0.42419174,0.4654646,0.6664877,0.42816684,0.47541827,0.5131486,0.63459367,0.49322394,0.5194406,0.54560274,0.72203827,0.3766786,0.5291246,0.55130255,0.52007097,0.6664838,0.47185045,0.65140814
0.50294524,0.47388703,0.57692283,0.4628582,0.5186203,0.5213739,0.59818465,0.47726116,0.50937855,0.56874985,0.69964576,0.43230778,0.55708915,0.53768706,0.5048994,0.6187576,0.45181957,0.6342934
0.5259685,0.49135536,0.5852657,0.44480303,0.53884965,0.497937,0.58591974,0.45223495,0.55447584,0.60395986,0.66564006,0.48960412,0.5520556,0.57772243,0.5251686,0.6529121,0.45271584,0.63552594
0.5513776,0.55543387,0.466273,0.5103228,0.6443418,0.44078135,0.5302692,0.4511764,0.5572806,0.5800062,0.62399757,0.57587403,0.4680586,0.54551554,0.44762975,0.65343314,0.3744852,0.63897353
0.51151097,0.5116609,0.5641186,0.4595405,0.5716856,0.46624488,0.5564636,0.4440277,0.57388747,0.6013987,0.6388545,0.52884376,0.51798815,0.5810808,0.5020156,0.6739073,0.43921736,0.64286155
0.49691343,0.51785815,0.56755334,0.4673873,0.57336366,0.47313756,0.594737,0.4707299,0.541575,0.5643073,0.68712956,0.47825196,0.48872992,0.55154186,0.4804038,0.67070836,0.40649217,0.65367556
0.42872107,0.4521451,0.6741642,0.42385554,0.44525167,0.535646,0.63968855,0.5057877,0.49852493,0.5402488,0.7169916,0.35270277,0.555113,0.539752,0.5377689,0.6323348,0.49301034,0.62862086
0.46370453,0.46586573,0.6139709,0.4463298,0.45833862,0.51553494,0.5323439,0.48349422,0.5253984,0.5750759,0.5670415,0.45675233,0.58664817,0.54970974,0.5565897,0.57397515,0.54508555,0.55755234
0.5195097,0.5182718,0.5947878,0.44380987,0.6150208,0.464112,0.6621201,0.4381045,0.5804932,0.59429395,0.7854871,0.47515655,0.46780494,0.5938852,0.4634213,0.75984246,0.34677902,0.7365069
0.46962342,0.4988158,0.6008944,0.45195508,0.54082936,0.47668967,0.58018064,0.46388808,0.5549391,0.5753324,0.6655245,0.4745873,0.51178855,0.5673703,0.50209963,0.6741311,0.44905257,0.6464662
0.4700018,0.5252933,0.60768485,0.44283825,0.62457347,0.4296422,0.6281207,0.4229501,0.6128092,0.5989798,0.7605289,0.5087042,0.44088125,0.6133628,0.45387724,0.7902789,0.3620581,0.7469176
0.47593024,0.4975089,0.60923165,0.44173744,0.55354416,0.46836007,0.5846117,0.44359857,0.5802258,0.5974745,0.6800446,0.49398303,0.51286453,0.59202826,0.50402987,0.7067406,0.44369793,0.67013437
0.45655373,0.47247863,0.6565072,0.41539904,0.5209671,0.48135263,0.605471,0.43456447,0.5921802,0.6119991,0.70574355,0.46783572,0.5371508,0.6138661,0.5263781,0.72811496,0.4695114,0.68640256
0.4942246,0.501022,0.60963345,0.43807927,0.5698502,0.473802,0.6230448,0.44335902,0.5752742,0.5968039,0.7316833,0.47651646,0.5021001,0.5924846,0.4939925,0.72507757,0.40808773,0.69632137
0.5082376,0.4885776,0.62669337,0.41948158,0.56591976,0.47665977,0.6260506,0.4194037,0.6015204,0.6296498,0.73865306,0.49413583,0.52701485,0.623419,0.5129737,0.746632,0.4212371,0.71073765
0.55002874,0.5233421,0.49591866,0.51878107,0.6259259,0.480711,0.61120987,0.4783627,0.52369255,0.53882647,0.72878325,0.4711243,0.47791246,0.5095647,0.4165241,0.6571953,0.338933,0.6806052
0.49578488,0.4730103,0.6166295,0.43217525,0.5033051,0.50309044,0.5712732,0.45092383,0.56122106,0.6082377,0.6414032,0.47993916,0.5728264,0.58681047,0.5451973,0.6490913,0.49612507,0.62324685
0.49529636,0.4995511,0.5844677,0.4553014,0.5415812,0.48543492,0.57633394,0.46435818,0.54785377,0.5812195,0.6552026,0.48233023,0.52617234,0.56329584,0.50892574,0.65294003,0.44967702,0.6324009
0.47491455,0.51014125,0.5816119,0.4622027,0.5578764,0.4665666,0.5678213,0.46330053,0.55678815,0.5727629,0.6521513,0.4924497,0.49918127,0.56315464,0.49171877,0.67229843,0.4387416,0.64349043
0.4914661,0.5012573,0.5743351,0.46144557,0.53756857,0.48029292,0.54670453,0.4637716,0.5508656,0.58278483,0.61257046,0.5015595,0.5318806,0.5614854,0.5132992,0.6356937,0.46881992,0.61119854
0.4431191,0.47343284,0.66036415,0.41762072,0.5181394,0.47961816,0.60737544,0.4412527,0.5868194,0.6014196,0.7080531,0.45735496,0.5282925,0.60728943,0.5211353,0.7279475,0.46833026,0.6864528
0.50115365,0.5071957,0.58786947,0.46527997,0.5727614,0.4782673,0.61975116,0.46896222,0.55420464,0.5620293,0.71301377,0.45876828,0.49293846,0.5554318,0.47142878,0.69172144,0.39405707,0.67628187
0.49382007,0.5002554,0.5909235,0.4562572,0.5402892,0.49752623,0.6157451,0.4826885,0.52227855,0.5582238,0.7038207,0.43860194,0.5119899,0.54419804,0.49747032,0.6519591,0.4224815,0.64504266
0.46612498,0.48235223,0.6334174,0.44082412,0.5138385,0.5091941,0.6461838,0.48924592,0.51911384,0.5490359,0.7389212,0.39424905,0.5160713,0.5467437,0.5022646,0.6701728,0.42924276,0.663206
0.52773404,0.51248056,0.50803053,0.5019217,0.5783851,0.50205636,0.5965984,0.4929534,0.4867702,0.5380557,0.7075034,0.44985408,0.5039341,0.5013618,0.45633832,0.6060785,0.38695338,0.6369574
0.5294105,0.5217116,0.5426884,0.4756518,0.5917872,0.46340263,0.56239986,0.45079398,0.569595,0.5891153,0.6429774,0.53007,0.5048813,0.56664824,0.48218262,0.6691313,0.41235617,0.645527
0.6041592,0.53012735,0.47089446,0.5378937,0.64418846,0.44962516,0.5176207,0.44387648,0.6089066,0.5822695,0.55831426,0.58992,0.5174399,0.5437297,0.4287457,0.6456052,0.37833765,0.63490367
0.5524495,0.48784915,0.49956203,0.5182597,0.53701425,0.5151293,0.5207066,0.48163667,0.5068476,0.53419214,0.56454605,0.47858244,0.57649314,0.486168,0.47408795,0.5465782,0.4525704,0.56801265
0.4503393,0.47648114,0.6164675,0.44914627,0.48105803,0.5012421,0.5510061,0.48335382,0.53050756,0.5648032,0.6044415,0.45088267,0.55416334,0.5498894,0.53434604,0.60968816,0.5136834,0.58874893
0.49683183,0.53143984,0.5374906,0.50546813,0.5996371,0.45016712,0.5587108,0.47878376,0.55865204,0.5387165,0.6284308,0.50469583,0.46681497,0.5292767,0.44181725,0.66178316,0.39281857,0.64232737
0.6063359,0.5274408,0.46513766,0.42985916,0.5700163,0.4838969,0.4642675,0.33841932,0.52881974,0.59214455,0.53505725,0.59175897,0.6047557,0.54884946,0.53310883,0.6868337,0.44084203,0.5939209
0.4576459,0.5202812,0.5494008,0.49319243,0.53786373,0.4746605,0.53630847,0.5071471,0.50477904,0.521679,0.59021914,0.4688896,0.4898244,0.5056295,0.48248586,0.58896834,0.45402852,0.57898724
0.56793237,0.5421534,0.47876796,0.49749607,0.62807035,0.4576004,0.5413142,0.4464227,0.5569403,0.5948353,0.63212085,0.56798774,0.49659112,0.55475307,0.46767235,0.646134,0.38754806,0.63555694
0.47933426,0.4781909,0.62518114,0.42970437,0.5191751,0.48647135,0.5746044,0.44141918,0.57911426,0.6108234,0.6568114,0.4886428,0.5521886,0.5989385,0.5330416,0.68470395,0.4835461,0.6485117
0.6119917,0.55661184,0.4754157,0.47725394,0.67854404,0.42763993,0.5435179,0.39209506,0.6259687,0.6563598,0.64926016,0.6448073,0.4912981,0.6190309,0.47180346,0.724187,0.36005658,0.68588394
0.5231751,0.5501919,0.49435,0.5043912,0.61235476,0.45109922,0.5400404,0.47580034,0.53545445,0.55460614,0.6147746,0.53628904,0.46682596,0.52809113,0.45868915,0.6305393,0.39235207,0.6163501
0.55209106,0.47520253,0.6138657,0.418737,0.5359546,0.51573354,0.635007,0.43479264,0.56680447,0.63053465,0.73118377,0.47063318,0.5733901,0.6045926,0.5399925,0.6888266,0.43792808,0.6739528
0.57505935,0.553851,0.46068,0.52897906,0.6423054,0.44267598,0.5165312,0.46101257,0.57011414,0.5675874,0.5676981,0.58219147,0.48170936,0.5312612,0.4399241,0.62838846,0.3771695,0.61484164
0.47359753,0.5211349,0.5942587,0.46240792,0.58385026,0.47528872,0.65983766,0.487273,0.5237627,0.53343236,0.772369,0.41698548,0.44732702,0.5387696,0.4525432,0.710004,0.35681653,0.7004789
0.51887345,0.52632177,0.5374297,0.4787614,0.5836302,0.47007447,0.56901115,0.46847883,0.54122394,0.5702638,0.6508707,0.5075194,0.49513403,0.5470905,0.48167267,0.64726174,0.40991864,0.63228315
0.431411,0.50977033,0.5716327,0.49027446,0.5335405,0.48188874,0.5752041,0.5152594,0.49174535,0.50292194,0.6598489,0.4214092,0.47536132,0.4971513,0.46465024,0.6153557,0.43418625,0.615475
0.5566018,0.52438474,0.4966646,0.5156822,0.5859831,0.46922565,0.50898856,0.472297,0.5576567,0.56534064,0.53669107,0.54928064,0.5267219,0.52693754,0.47232088,0.58959067,0.43200004,0.5809171
0.5499911,0.5275596,0.4493293,0.5447774,0.61526614,0.4729585,0.52186716,0.48126072,0.52016366,0.5396357,0.6088855,0.5248839,0.50136715,0.493055,0.4264252,0.5857239,0.38932627,0.6119635
0.4947016,0.5503423,0.5302437,0.48977065,0.628401,0.4362858,0.58038634,0.46447486,0.5569955,0.55507845,0.68520087,0.51801723,0.43453422,0.548724,0.44056058,0.70059204,0.36282638,0.6747141
0.5037397,0.46033084,0.6558848,0.40388933,0.5105619,0.51051855,0.6343463,0.43161866,0.5809622,0.62932116,0.73330116,0.453282,0.57282054,0.6179511,0.5470612,0.71332663,0.46525094,0.68541485
0.5181942,0.482045,0.56492317,0.45888352,0.4931635,0.5083517,0.50696075,0.46689373,0.5373454,0.599348,0.5333086,0.5132596,0.59455013,0.5568775,0.55575436,0.5596079,0.53047436,0.54534113
0.5542804,0.52745426,0.5250442,0.46877235,0.6073272,0.45579606,0.54272723,0.42742434,0.58843917,0.62178963,0.62645763,0.5755066,0.5162418,0.59077615,0.49570632,0.67747754,0.41761926,0.6457126
0.5114017,0.4830735,0.6015848,0.43961582,0.5214126,0.50457704,0.5915723,0.45819798,0.5485142,0.59802085,0.6697311,0.47043264,0.5573827,0.5750044,0.5308714,0.6493419,0.46434346,0.63284856
0.5239542,0.5003191,0.52378815,0.5390036,0.5385464,0.4886065,0.50534344,0.50801575,0.53597784,0.5001434,0.4905857,0.48083758,0.5429285,0.47357938,0.45216656,0.54640985,0.4535823,0.5486646
0.5186354,0.48044792,0.5889413,0.4959811,0.54480773,0.4863754,0.56708443,0.47424722,0.5862387,0.5525172,0.6000662,0.47440955,0.54629654,0.5399008,0.466532,0.64584273,0.4407609,0.63222873
0.52629626,0.5407297,0.5031731,0.4960411,0.5998683,0.4553015,0.52852845,0.46656862,0.5457443,0.5705992,0.5965149,0.54651135,0.48821706,0.5409515,0.47486892,0.6276784,0.4143862,0.608982
0.5876307,0.54120415,0.4709314,0.49390215,0.61788976,0.4572977,0.50447166,0.42844376,0.56881034,0.6012053,0.5623348,0.5963588,0.52565813,0.5571328,0.48418215,0.6354726,0.41113645,0.606174
0.53820354,0.49332947,0.5195084,0.49076712,0.5784965,0.49844393,0.5767274,0.4571413,0.53093463,0.58035135,0.6961445,0.48672938,0.5378218,0.5399988,0.46829396,0.6377867,0.4108822,0.656184
0.5275088,0.5177912,0.5515598,0.46620914,0.57976556,0.4755221,0.5812269,0.45723572,0.5522544,0.5868074,0.6686204,0.50740236,0.50879794,0.5634027,0.4919104,0.6629822,0.41267067,0.64553124
0.47527888,0.51902133,0.5793665,0.46331415,0.5800793,0.45591122,0.5825983,0.45817262,0.56475663,0.57219833,0.6802721,0.49563345,0.47738686,0.56804144,0.47614756,0.6992405,0.4119786,0.66810846
0.5123344,0.51405144,0.574314,0.47558585,0.5843629,0.4790766,0.6285606,0.47703242,0.5452118,0.55010176,0.72144955,0.4524386,0.4828077,0.5421654,0.4583134,0.6859054,0.37451097,0.67760384
0.52923876,0.46094263,0.51812714,0.4974449,0.49087024,0.54573625,0.5564973,0.50947076,0.45803884,0.5613943,0.645876,0.42995757,0.59706855,0.4796327,0.5173725,0.5115925,0.479326,0.5595247
0.49455202,0.53463,0.5614932,0.5015008,0.6147767,0.46529716,0.6565166,0.5033931,0.5262846,0.499997,0.75636303,0.41939828,0.4252086,0.5062107,0.40849996,0.69927573,0.3208913,0.6995466
0.51198876,0.5137946,0.54169416,0.4826434,0.54773945,0.48900637,0.5550305,0.48764876,0.51781315,0.5552693,0.61418253,0.4849655,0.5202327,0.52622133,0.49706918,0.5960316,0.4430593,0.591885
0.47409797,0.491216,0.6386272,0.42344043,0.56199056,0.4703193,0.632976,0.43301356,0.5922393,0.6060628,0.7483549,0.46976683,0.5028856,0.6108131,0.49878496,0.75264484,0.41561604,0.7160952
0.60461533,0.5772161,0.4597856,0.49163288,0.70816547,0.41187173,0.56449705,0.40147367,0.61839134,0.63373274,0.6859063,0.6365175,0.44385818,0.6042015,0.43704823,0.7437099,0.3159804,0.70896226
0.5406451,0.5211101,0.5456137,0.4651149,0.5921066,0.47245243,0.5851669,0.4490709,0.56035227,0.5961988,0.6774391,0.518987,0.50749266,0.57124317,0.48984244,0.6741677,0.40217936,0.65544724
0.45914257,0.50175816,0.5927131,0.4639938,0.52915806,0.48433682,0.5793344,0.4880255,0.52560514,0.5468693,0.6557413,0.44948345,0.5047125,0.538113,0.49601296,0.64025986,0.44986314,0.6237126
0.46812135,0.501267,0.60979867,0.44620818,0.5553737,0.47024283,0.60050327,0.45599484,0.5657802,0.57975113,0.6997307,0.47195798,0.49777862,0.5781587,0.49299347,0.7055229,0.42821383,0.6746792
0.40535522,0.5153961,0.6143108,0.46954235,0.5493057,0.46344325,0.6173503,0.5050193,0.5182832,0.50496966,0.717951,0.40736073,0.43872455,0.52289075,0.4538006,0.68972975,0.4041172,0.66907245
0.54898566,0.5041738,0.5495591,0.45498952,0.5641522,0.47726032,0.5336521,0.42967892,0.5828816,0.630243,0.60068876,0.5601396,0.55795914,0.59453857,0.5274646,0.64969534,0.4642406,0.6195047
0.4890337,0.51851964,0.49715856,0.5193148,0.58263326,0.47001463,0.5256406,0.4843746,0.51549333,0.5363512,0.6217133,0.49872968,0.49274158,0.50538826,0.4459799,0.6055213,0.42097378,0.6155898
0.5068144,0.53637946,0.5370705,0.48445737,0.60007936,0.46170932,0.5893067,0.476239,0.5350862,0.55238,0.68357456,0.49180025,0.464245,0.53771955,0.4600239,0.6663887,0.38070527,0.65284
0.45914257,0.50175816,0.5927131,0.4639938,0.52915806,0.48433682,0.5793344,0.4880255,0.52560514,0.5468693,0.6557413,0.44948345,0.5047125,0.538113,0.49601296,0.64025986,0.44986314,0.6237126
0.5355846,0.49819863,0.57236123,0.4476686,0.55542994,0.48656502,0.5706608,0.44005144,0.57016766,0.6164033,0.65076894,0.51932544,0.54914415,0.58819544,0.5224588,0.66272116,0.44969356,0.63868284
0.51978874,0.5147038,0.53037816,0.48103097,0.550356,0.4796975,0.5176535,0.47010082,0.5382273,0.5794457,0.5654221,0.52833855,0.53527856,0.54410344,0.51050293,0.59255487,0.46729943,0.5769555
0.46214736,0.53167814,0.5604258,0.4817901,0.5856801,0.45015684,0.5728138,0.47812426,0.5439002,0.5431886,0.6648899,0.48713964,0.4544089,0.5405937,0.45880368,0.6777785,0.40247676,0.6521098
