0,1,2,3,4,5,6,7,8,9,10,11,12,13,14,15,16,17
0.9806806,0.13482323,0.15277363,0.01814382,0.88001853,0.26236713,0.4842554,0.88195187,0.48873562,0.6289592,0.82127875,0.17874101,0.7530656,0.082374305,0.9397352,0.97098845,0.13616551,0.9855751
0.9350963,0.2796388,0.15987186,0.15995345,0.7757876,0.1445117,0.41119832,0.7837666,0.35263142,0.8444226,0.900906,0.39939618,0.829415,0.047265075,0.93292475,0.9697636,0.047634944,0.9895237
0.8017502,0.8132915,0.58701277,0.04680835,0.97248095,0.6167381,0.7674887,0.96544707,0.66835266,0.017483436,0.96852285,0.57552516,0.116457134,0.91842234,0.98309535,0.9882852,0.14105295,0.861684
0.94101,0.9226542,0.49547568,0.13052844,0.9598828,0.68040407,0.8948571,0.9137442,0.76870424,0.16442889,0.96395385,0.16949432,0.58426666,0.70705926,0.4476871,0.98232305,0.33430406,0.4438269
0.85201174,0.69852227,0.4893897,0.08713617,0.90602785,0.6240549,0.7273384,0.9298192,0.6122254,0.07159757,0.87054616,0.36210778,0.35618743,0.68658566,0.90007263,0.9522728,0.20373467,0.82402515
0.94581026,0.16355647,0.29308918,0.03469252,0.8404,0.5117245,0.61664736,0.82624847,0.5682299,0.4467147,0.5750975,0.16836119,0.47507864,0.29057163,0.8303654,0.8683325,0.4166828,0.86210585
0.99015194,0.99545956,0.50980717,0.24870023,0.9918982,0.79307234,0.98296684,0.85296845,0.90660495,0.49051246,0.99488777,0.044447735,0.880993,0.76106006,0.017165966,0.997157,0.5709836,0.04101452
0.90078574,0.78821325,0.45866415,0.1125468,0.95381457,0.71188,0.8638519,0.95674694,0.75097203,0.10586085,0.9265887,0.36921105,0.44285393,0.65502506,0.73237497,0.96833843,0.27447864,0.6858445
0.9969373,0.97547287,0.38894773,0.009175846,0.99659824,0.83484113,0.97955984,0.9951248,0.88403255,0.01793967,0.9949926,0.03825614,0.66933787,0.727505,0.70215434,0.9994624,0.12217753,0.73906636
0.8537685,0.35863903,0.3442511,0.1233753,0.75395423,0.35181105,0.4312312,0.66175157,0.52881455,0.57343954,0.7438523,0.34430408,0.6641896,0.3185069,0.715072,0.84702504,0.39025506,0.83667463
0.88781625,0.93650126,0.4477778,0.4635816,0.9448646,0.7955466,0.9406663,0.7823885,0.66703063,0.63224775,0.8259074,0.71489763,0.8553197,0.6163208,0.14465156,0.96619135,0.3625288,0.08894482
0.89716554,0.9729573,0.58172506,0.27280867,0.9908399,0.73508555,0.9586828,0.9330939,0.8980737,0.21464926,0.9938125,0.41777846,0.39789382,0.8954901,0.25967675,0.9920483,0.516169,0.13612966
0.9542462,0.969893,0.38919005,0.444225,0.9494144,0.45149547,0.8967254,0.7776306,0.75409484,0.7225556,0.9893129,0.15643744,0.88923097,0.37412074,0.113401145,0.9899424,0.2581945,0.38483644
0.8660891,0.9769784,0.65027434,0.19018152,0.9874507,0.63550353,0.92063624,0.8890043,0.83568513,0.118764475,0.9944502,0.3642681,0.27486014,0.9457841,0.5657186,0.99388206,0.4061183,0.20668188
0.82445526,0.4108184,0.42004967,0.16806622,0.832947,0.5028509,0.72887427,0.65168357,0.6422977,0.6621567,0.7480078,0.31597802,0.45332864,0.52762204,0.44839802,0.822031,0.6307404,0.34156734
0.80671597,0.5710471,0.40636316,0.3241396,0.6844593,0.5310746,0.5316673,0.6246952,0.41042542,0.50137526,0.51753193,0.45028713,0.6939408,0.336266,0.7008108,0.8054085,0.23540168,0.7927445
0.9990703,0.7349868,0.09375392,0.007711033,0.98867553,0.28548944,0.8688854,0.97493166,0.7308593,0.6310954,0.9940735,0.037302475,0.9587365,0.04686066,0.7761853,0.9994876,0.049716607,0.9862526
0.92790145,0.98909193,0.6435781,0.16490792,0.9942167,0.68788505,0.9590909,0.9228775,0.88806665,0.11655235,0.9976571,0.27441823,0.3316442,0.95285124,0.40122533,0.9974589,0.4290141,0.13606
0.8432712,0.7808403,0.37181592,0.78811294,0.97629297,0.9429019,0.9518581,0.88313824,0.82901686,0.77924883,0.4657844,0.9573984,0.7660882,0.4336351,0.10245314,0.834123,0.59012556,0.17698054
0.9127953,0.88872004,0.5143269,0.09546031,0.956753,0.6361616,0.8337116,0.91423696,0.74395466,0.10984925,0.960592,0.25458086,0.48387465,0.772205,0.6673096,0.97981036,0.32383546,0.5696102
0.9582476,0.79198366,0.41432863,0.021102855,0.97360915,0.65456706,0.83220464,0.9861449,0.66522866,0.019597147,0.9625168,0.27540538,0.364648,0.6823843,0.97469515,0.99424016,0.06981313,0.9515846
0.9520016,0.7130244,0.32066855,0.056243017,0.89994764,0.43217582,0.61289597,0.9107219,0.6222088,0.21500851,0.9300611,0.22957619,0.813989,0.32183862,0.7675308,0.97598577,0.17522226,0.920935
0.98900896,0.5942016,0.14656682,0.12641938,0.9610851,0.7678472,0.9471254,0.99178404,0.82929385,0.48582482,0.899134,0.23760523,0.9353693,0.038590804,0.271599,0.9785979,0.14473385,0.9106402
0.6851576,0.5289478,0.47657242,0.36383,0.59337974,0.56569207,0.51984304,0.6186778,0.46008447,0.4110981,0.45296595,0.4256287,0.59661496,0.4329472,0.58931756,0.6360929,0.37833312,0.6531706
0.7358431,0.62578565,0.44390425,0.1579782,0.83336323,0.4220251,0.6149619,0.5648717,0.64589995,0.65120375,0.8354435,0.6478726,0.756074,0.656966,0.29759756,0.87195396,0.6856155,0.19456048
0.9588943,0.7682293,0.44066688,0.015839964,0.9742996,0.71680117,0.84510607,0.9880581,0.6842473,0.012805901,0.9481249,0.24747498,0.30579785,0.7399488,0.9750372,0.9927642,0.08956376,0.9394996
0.9744071,0.045479264,0.21736734,0.012964869,0.97141206,0.58300954,0.87367374,0.85875726,0.8165146,0.84107226,0.7205002,0.22513475,0.23999389,0.38444754,0.6328537,0.9135318,0.83884543,0.42786986
0.99178743,0.3118732,0.20764822,0.006927503,0.9388698,0.6334978,0.78394526,0.98213255,0.6083007,0.09312129,0.78691834,0.07339335,0.6912365,0.16880931,0.94131505,0.9843993,0.10290468,0.9791666
0.80805206,0.47471887,0.320243,0.033336703,0.8904051,0.16699098,0.6325746,0.58021367,0.61400837,0.83747566,0.958023,0.74912083,0.84045243,0.6467601,0.4429374,0.97387236,0.64210767,0.13350809
0.987389,0.5282178,0.19127281,0.02515482,0.9238625,0.36325306,0.6547724,0.92619324,0.6161125,0.4327478,0.93267477,0.116549894,0.89046943,0.11906044,0.7792862,0.987406,0.13528784,0.9653324
0.67933637,0.5529933,0.37954482,0.24033077,0.8501706,0.6221002,0.61425656,0.7286173,0.7088328,0.64267665,0.6264102,0.9217791,0.8973828,0.51596636,0.18560795,0.76643205,0.72098804,0.22784607
0.99577934,0.33724767,0.14604717,0.005153584,0.9693087,0.4633783,0.7547105,0.97646284,0.6998039,0.2700016,0.93341184,0.08424257,0.84453094,0.11322034,0.89337146,0.99392134,0.13497715,0.98185134
0.9690536,0.8302477,0.38022146,0.103843704,0.9071226,0.7114149,0.87392324,0.92425686,0.7117971,0.22345401,0.8686802,0.08409078,0.79706687,0.35354397,0.3286491,0.96071583,0.29718652,0.6221633
0.9726557,0.984829,0.49322742,0.30596069,0.9764305,0.69059074,0.9596731,0.8283476,0.8668104,0.52540845,0.98975927,0.07071222,0.83646005,0.66091716,0.035559937,0.9906684,0.54323757,0.088971
0.55538315,0.5732119,0.49839753,0.44926998,0.59932077,0.4297553,0.43455926,0.48334143,0.44662324,0.5367422,0.6167423,0.5753909,0.5706916,0.5130488,0.6167683,0.67548895,0.39535868,0.60937166
0.9529526,0.55180043,0.3901601,0.07049913,0.9493334,0.5480723,0.83008593,0.7314324,0.7507145,0.6249279,0.8997366,0.13715863,0.4310394,0.5920929,0.4415788,0.9510038,0.6543535,0.3728191
0.9723405,0.51432866,0.19714448,0.27164894,0.97497076,0.92691284,0.98086953,0.99515647,0.9363031,0.49310443,0.7941423,0.4794873,0.87360555,0.078872,0.04994831,0.9018174,0.53799224,0.49637863
0.8959424,0.69921035,0.3450033,0.35095724,0.9772622,0.863983,0.9622052,0.9844473,0.91298383,0.37646335,0.9158312,0.67293555,0.61772037,0.37638956,0.16306952,0.92873555,0.5471616,0.36817238
0.6056999,0.42602858,0.36994156,0.76017344,0.8299449,0.7808338,0.87144774,0.88721824,0.83143914,0.7864599,0.59978473,0.79300874,0.67543244,0.22918452,0.0681595,0.45702106,0.72659475,0.24787854
0.81736624,0.43348408,0.31849715,0.4754287,0.904409,0.82614636,0.90877545,0.9632168,0.84597486,0.54892474,0.67406553,0.6842319,0.6921576,0.20290746,0.15211125,0.7121288,0.57158893,0.46823546
0.89961106,0.49977067,0.2716709,0.06930707,0.8307028,0.28556764,0.4026599,0.93620133,0.4133199,0.16665854,0.90839314,0.4910356,0.7304709,0.20117508,0.97547567,0.9760936,0.03973288,0.9912333
0.98549414,0.2778239,0.15636933,0.016557742,0.7469328,0.476776,0.50136936,0.97866017,0.415166,0.1128293,0.62907535,0.116758406,0.92514825,0.037878025,0.94441104,0.9639692,0.03515882,0.9963671
0.92270136,0.8826753,0.48580915,0.1325997,0.9723602,0.77407396,0.88683426,0.9366198,0.7334851,0.11794784,0.9221956,0.46886814,0.47586802,0.7525984,0.7339808,0.981229,0.25332442,0.60168403
0.9600906,0.28761157,0.1561569,0.048559755,0.77205485,0.16659126,0.28639427,0.86371976,0.40206745,0.5927525,0.8850535,0.31943706,0.9151892,0.05213448,0.93017244,0.97090834,0.062165923,0.9938379
0.9980583,0.22129688,0.22514704,0.001125666,0.99570113,0.6602809,0.9365912,0.95793724,0.85966855,0.33943263,0.95043933,0.027907321,0.22903349,0.6016047,0.8721523,0.9962091,0.6286177,0.7195891
0.998644,0.9668678,0.282935,0.017944971,0.9893649,0.85375607,0.98161435,0.99008614,0.87635016,0.0936354,0.981183,0.010466982,0.92949116,0.29295295,0.15103099,0.99817693,0.19724801,0.60501355
0.98801106,0.63280755,0.25034907,0.02107364,0.962524,0.4301166,0.8980727,0.9001916,0.6929445,0.5897291,0.9627896,0.07673033,0.7432231,0.32915097,0.582517,0.99315345,0.28310212,0.6041485
0.8579331,0.9043424,0.44209504,0.37622985,0.8689867,0.39391378,0.48041144,0.36509386,0.52217567,0.6976431,0.8952348,0.573887,0.8781441,0.54642606,0.4066784,0.9519615,0.33660814,0.5950856
0.8459846,0.31065297,0.25907645,0.2854287,0.69352067,0.54828554,0.6204093,0.9147979,0.5607943,0.50255316,0.57245535,0.5109017,0.81214267,0.09167786,0.6211975,0.76661664,0.1965076,0.9234047
0.617312,0.42404976,0.33693254,0.7953458,0.8440229,0.76680213,0.8798891,0.9009219,0.8392347,0.8335854,0.6495537,0.8271415,0.7207438,0.17784227,0.062804125,0.49479672,0.6929566,0.2855252
0.9122553,0.98679763,0.65803283,0.20246041,0.9913957,0.737602,0.92311037,0.8195772,0.77499604,0.12865408,0.9885185,0.4863335,0.34903356,0.9589988,0.64560443,0.99608237,0.32066715,0.20456547
0.8014879,0.84612894,0.4778133,0.4295439,0.8445098,0.60346466,0.85741067,0.76876795,0.71133024,0.56313217,0.8886112,0.33772126,0.7281113,0.5209813,0.13878328,0.88979024,0.5137698,0.17992903
0.97334063,0.9622077,0.51359534,0.0425634,0.99074745,0.7515205,0.94000846,0.97220945,0.8128601,0.041374758,0.9887296,0.18221658,0.43958628,0.8597244,0.77858174,0.9973083,0.19313972,0.59632933
0.7868118,0.10978648,0.124579005,0.19322601,0.8582554,0.050397057,0.39362538,0.5861232,0.5306683,0.9892099,0.97080636,0.8966364,0.8469435,0.070454754,0.7713895,0.9635758,0.2613095,0.89409024
0.6376262,0.68265575,0.52429163,0.4694395,0.6759566,0.5293025,0.61508566,0.58576924,0.5651769,0.49243897,0.7038238,0.39386427,0.5545818,0.54439557,0.382862,0.7002421,0.49251148,0.4190517
0.6215302,0.46226978,0.46663707,0.20335849,0.9507117,0.740994,0.8155315,0.9755685,0.76930964,0.09271572,0.86034906,0.86848456,0.18393463,0.6998703,0.9050904,0.9001961,0.3070976,0.7874808
0.86383456,0.6311101,0.29048795,0.36263862,0.7068955,0.3018332,0.5427194,0.7661828,0.43803713,0.661905,0.864543,0.368086,0.83944595,0.12724899,0.6990323,0.9279684,0.10158187,0.9279651
0.9297513,0.9270471,0.48652717,0.16655715,0.98561263,0.7699232,0.94889253,0.9654648,0.87269336,0.15703681,0.9819527,0.37343958,0.4775637,0.7640613,0.3982952,0.98772055,0.39993593,0.34791678
0.99696857,0.0911902,0.11674908,0.003286524,0.9421186,0.6512705,0.8138704,0.9881393,0.6237474,0.2047774,0.61692834,0.048744537,0.75554216,0.051133458,0.9404073,0.9804736,0.112919845,0.9897049
0.72222054,0.44765785,0.39004713,0.08676595,0.8158922,0.27160317,0.49300823,0.4649478,0.5509663,0.7577031,0.8392934,0.74492544,0.75461257,0.6433169,0.5135873,0.9025594,0.6420121,0.2522726
0.36818704,0.7387627,0.6667583,0.19079848,0.9007512,0.45638052,0.5773707,0.83367956,0.54601383,0.06144377,0.9354189,0.8092343,0.089433335,0.93673444,0.9721815,0.93948364,0.23924305,0.6771063
0.9748751,0.42062816,0.18425697,0.016797433,0.94033563,0.097827375,0.24996272,0.65516293,0.65463775,0.79566944,0.9830602,0.30058077,0.90784335,0.21258076,0.7847161,0.9894773,0.3595078,0.9617423
0.6147419,0.6973937,0.4647316,0.061237607,0.61415464,0.14818257,0.5821296,0.55298996,0.40028965,0.5330845,0.9397166,0.5101057,0.80694586,0.7195442,0.55268055,0.95567507,0.38245293,0.12581843
0.82223606,0.30901596,0.4051514,0.07997356,0.97622037,0.7115578,0.85670114,0.9639109,0.8203058,0.20726728,0.8896791,0.7421285,0.1386896,0.7167679,0.8845334,0.9374734,0.50226355,0.6891438
0.9973229,0.23663469,0.1890238,0.00550159,0.9930649,0.7620747,0.96103394,0.96499836,0.9013231,0.60902905,0.91142064,0.04491631,0.4878895,0.32185864,0.4208928,0.98824966,0.73051083,0.5322101
0.96341723,0.87538165,0.3896364,0.15839028,0.95966864,0.7735805,0.9347171,0.952825,0.8273466,0.26933914,0.9359291,0.16517502,0.754346,0.43696123,0.20547178,0.97157377,0.3941662,0.43172392
0.7529787,0.9227386,0.34494436,0.3496419,0.81727093,0.42735836,0.93354857,0.8213951,0.38314676,0.7626929,0.9166818,0.8896257,0.95964617,0.43131223,0.28309116,0.98830456,0.09247859,0.06481602
0.821578,0.6237082,0.21746592,0.10447547,0.84701455,0.04906692,0.10933899,0.80571496,0.36021882,0.4860958,0.9902874,0.8204462,0.89050496,0.16458431,0.9860849,0.99254096,0.024580942,0.9976091
0.7023717,0.41544402,0.42407143,0.2085708,0.7943439,0.47140712,0.6456092,0.6415745,0.6644531,0.67645985,0.74183625,0.5776681,0.6046509,0.54082346,0.33445856,0.7535997,0.70232266,0.27230692
0.96984166,0.430321,0.27042678,0.078726225,0.9572884,0.5463178,0.8613446,0.85211945,0.77562016,0.7524679,0.9037524,0.1838865,0.6006871,0.3022803,0.41453865,0.96010226,0.54063046,0.5850829
0.18580087,0.26861143,0.21696739,0.0892836,0.24256548,0.021488262,0.51226884,0.7634558,0.16713676,0.9009609,0.96245885,0.97537214,0.9631252,0.21657844,0.80802786,0.9713585,0.06621304,0.19859162
0.7504636,0.28410843,0.20698136,0.0017109131,0.65696657,0.009610105,0.83383197,0.6755512,0.13445231,0.9148972,0.9947492,0.6802711,0.86398095,0.63094413,0.9499762,0.9992421,0.07075936,0.031174075
0.8269839,0.3687461,0.512179,0.048890866,0.96957904,0.4459974,0.7194147,0.6610809,0.7296621,0.45230642,0.9317265,0.43750036,0.070212774,0.90091115,0.8952711,0.95140934,0.7108539,0.40426916
0.95489055,0.45358452,0.26934043,0.050223447,0.811928,0.5520943,0.646599,0.964777,0.4687255,0.110368274,0.7287957,0.2034298,0.7462979,0.15341322,0.9315507,0.95628977,0.06037258,0.98013103
0.37596625,0.13395691,0.28260806,0.9027464,0.84827524,0.8760547,0.91508275,0.9612464,0.9052386,0.8889679,0.3582687,0.96910965,0.6311386,0.104153894,0.038826928,0.16161235,0.8310342,0.24554437
0.89475477,0.3522502,0.11104279,0.539288,0.68168414,0.19569947,0.4987888,0.9307237,0.38638544,0.87540406,0.88507694,0.720701,0.9569204,0.008738116,0.8390698,0.95176846,0.017554788,0.9956527
0.8214974,0.6003286,0.44452775,0.26938418,0.6922782,0.636195,0.6038105,0.7056854,0.46627992,0.3435411,0.46143535,0.35539854,0.66640097,0.40370527,0.61941755,0.7693,0.30158064,0.70839214
0.9694972,0.18278348,0.1715514,0.031256247,0.8535355,0.23651968,0.43665323,0.8448733,0.47722507,0.6584401,0.8423807,0.2301993,0.7804621,0.09246068,0.920802,0.96499807,0.14022124,0.9819491
0.98390204,0.17096004,0.22981723,0.010509868,0.84050345,0.695958,0.7126612,0.9726952,0.5369833,0.09515564,0.42337447,0.07585688,0.6592634,0.14226474,0.92124385,0.9254445,0.15396862,0.9720565
0.59697294,0.5393796,0.5203072,0.26677045,0.6839325,0.49052286,0.45543706,0.6699049,0.5138013,0.27592897,0.6615803,0.52388024,0.45188355,0.61457056,0.7402547,0.72068506,0.4113243,0.68427616
0.9474419,0.9702417,0.55057675,0.1719301,0.97975826,0.71743083,0.9252789,0.8755049,0.7947061,0.19277602,0.9801161,0.21235527,0.5760513,0.8351951,0.3637749,0.9912176,0.36591753,0.2612761
0.9690453,0.025867233,0.22974315,0.013466053,0.9685695,0.55878335,0.8012096,0.7639365,0.8067039,0.87395537,0.6205845,0.22479637,0.14627317,0.424511,0.71844286,0.8538226,0.88820755,0.509212
0.17018674,0.6708466,0.299133,0.25629264,0.30189276,0.34528354,0.9597143,0.8984026,0.07926848,0.7646039,0.44505674,0.99765545,0.9815597,0.42784324,0.6542058,0.9757118,0.021006886,0.006356137
0.7678875,0.90568453,0.32557425,0.08765048,0.8189736,0.029937675,0.1500418,0.38531756,0.52675796,0.78120977,0.9972989,0.7179787,0.9770213,0.480774,0.52099407,0.99277574,0.26211047,0.75689584
0.99422115,0.5534417,0.30625436,0.001796765,0.99192864,0.75675106,0.9097101,0.99503165,0.76109535,0.012437285,0.9558104,0.08698211,0.27764383,0.65211594,0.986064,0.99777055,0.10268993,0.9667654
0.9520131,0.9921064,0.6059773,0.18110655,0.99808604,0.7922497,0.9850402,0.97108537,0.94657165,0.12717052,0.9989194,0.36307216,0.35377935,0.95081204,0.23289032,0.9986337,0.4995776,0.08507506
0.9906543,0.08802181,0.16512601,0.006731758,0.96569437,0.34765804,0.7182048,0.8770779,0.6367895,0.7090807,0.8692767,0.10588553,0.4101918,0.20353946,0.9404463,0.9835073,0.3281957,0.9466013
0.83402646,0.12869029,0.111838095,0.7223001,0.8510856,0.72385055,0.8735099,0.9871489,0.798612,0.8903336,0.568386,0.9223807,0.92017543,0.009907233,0.2291932,0.66606843,0.20566551,0.93820125
0.97932655,0.9681467,0.47774673,0.07857268,0.9853732,0.74206084,0.95270795,0.9550945,0.84456325,0.1224706,0.98769283,0.09076747,0.66185963,0.7412754,0.3325706,0.9952824,0.31233463,0.36855698
0.8566753,0.34294552,0.31579012,0.18694615,0.92517066,0.81960464,0.8772718,0.9845811,0.7963202,0.19094567,0.683123,0.6785555,0.5307181,0.2679384,0.6349911,0.84329706,0.33326614,0.8098226
0.5457679,0.64060575,0.5484909,0.45388812,0.6744755,0.5071942,0.5607763,0.59416646,0.53839725,0.41349992,0.7017456,0.4962543,0.44231418,0.6193253,0.55381626,0.6903218,0.46045813,0.4851579
0.7430157,0.6726741,0.54490966,0.06786706,0.9557141,0.63757986,0.7351256,0.96563435,0.6559529,0.027116556,0.9303124,0.6717306,0.13486291,0.8589247,0.9782063,0.97156423,0.16320004,0.8788345
0.99542373,0.8864718,0.27557027,0.02815987,0.9639872,0.7830737,0.9427607,0.9824257,0.7739599,0.1149215,0.9346043,0.027099766,0.8998792,0.21357505,0.36580622,0.9926968,0.15431286,0.8108225
0.99906,0.2514034,0.17870668,0.00044258157,0.9936192,0.7789462,0.93523854,0.9954118,0.7963425,0.036555633,0.9102857,0.020362927,0.41750807,0.35076723,0.97226983,0.9978752,0.17195904,0.97149557
0.9915548,0.73369175,0.19612493,0.040979832,0.9125071,0.57784045,0.8353702,0.97898316,0.5888731,0.18801521,0.9075007,0.06900846,0.923591,0.07378074,0.75732905,0.99052596,0.04529431,0.9750419
0.9925027,0.77195907,0.26700205,0.023188682,0.94273174,0.7534735,0.899636,0.98410225,0.6966191,0.07964055,0.87823254,0.044714488,0.8570077,0.19193783,0.6605675,0.98801714,0.10947777,0.9182508
0.9684412,0.8036519,0.43847078,0.012158183,0.9815891,0.7331134,0.87046576,0.9911053,0.7090049,0.009803515,0.96221805,0.2258767,0.29896814,0.763519,0.97797865,0.9953365,0.08061123,0.9428367
0.99455047,0.95555973,0.41482353,0.0055077486,0.9966362,0.81757647,0.96695423,0.99681056,0.8511897,0.0065444377,0.9940649,0.07992359,0.4397562,0.8134942,0.93949056,0.9994733,0.076187804,0.8888979
0.90370464,0.6361462,0.37858945,0.23116963,0.9214147,0.7567161,0.81456,0.8468178,0.7507267,0.5033771,0.6984594,0.5177985,0.73057294,0.42756316,0.27825442,0.8697447,0.5654991,0.45945334
0.8490735,0.7839897,0.47459906,0.22723284,0.9634194,0.71342045,0.8935703,0.9285831,0.8195463,0.27127182,0.94091874,0.5107662,0.39964813,0.69704247,0.47357035,0.9518137,0.48383984,0.39818642
0.91022235,0.9504752,0.53481686,0.21905585,0.98476726,0.7348176,0.9443853,0.94006574,0.86876756,0.19609903,0.9865155,0.36614457,0.45575872,0.8261586,0.33040473,0.9878096,0.45193437,0.23915222
0.9449025,0.9683939,0.5212257,0.33041227,0.95717895,0.69384843,0.9245776,0.7624873,0.8025325,0.4745046,0.96813947,0.13385248,0.76200235,0.69397026,0.08325143,0.9772153,0.5301128,0.12876065
0.4046633,0.97464395,0.8270022,0.07700192,0.9972247,0.5229325,0.83906674,0.9563152,0.8048139,0.005414347,0.9990732,0.92126346,0.008064848,0.99815816,0.9966753,0.9986109,0.18543808,0.54672164
0.99728817,0.95601857,0.22386737,0.068601616,0.9894421,0.8098377,0.98218954,0.9897878,0.8949623,0.310918,0.98673236,0.041572552,0.95073205,0.15257299,0.09077609,0.9974897,0.18796495,0.6293028
0.96069896,0.52689993,0.33255246,0.04403116,0.8403247,0.70232385,0.75701064,0.96157324,0.57564193,0.085075244,0.65628576,0.12550034,0.7006174,0.26166984,0.8145294,0.9345562,0.15276371,0.92117625
0.9986884,0.9910314,0.36792108,0.033001084,0.995491,0.91541773,0.98091245,0.9606601,0.796771,0.11387654,0.96375483,0.04654374,0.9250209,0.6176332,0.27299222,0.99918735,0.1446432,0.4576038
0.95424813,0.8084398,0.38380092,0.12445817,0.9613077,0.819072,0.8433858,0.9091601,0.7418136,0.24824704,0.76732117,0.5155522,0.79091036,0.5269175,0.4486905,0.9585712,0.3855249,0.60537016
0.8633237,0.9550229,0.5104928,0.14683583,0.86861676,0.38924643,0.88181376,0.75052005,0.6531843,0.43004814,0.97927696,0.22003873,0.8659909,0.73182684,0.14150071,0.9837959,0.402769,0.063699685
0.74300027,0.6046457,0.4896017,0.21612813,0.761188,0.56068146,0.6067223,0.79587936,0.554525,0.22495148,0.72117615,0.3863221,0.4826728,0.5581412,0.7210933,0.8226473,0.33645368,0.70400244
0.9894789,0.85992587,0.355634,0.04028538,0.9747405,0.7276205,0.93677056,0.94041556,0.81626,0.2641626,0.9537294,0.047249135,0.7300631,0.48009634,0.299021,0.98906106,0.40634006,0.47949404
0.88792133,0.45990413,0.29257187,0.53366375,0.9133156,0.922328,0.88134134,0.9117673,0.6834846,0.6174166,0.16690876,0.88608456,0.81793493,0.19075859,0.3054862,0.7039537,0.3867761,0.6057875
0.8731914,0.9186276,0.51192915,0.42316878,0.9435036,0.7157346,0.8942339,0.7908756,0.7805255,0.47590786,0.92776763,0.36919844,0.65160054,0.67305017,0.16309716,0.94514805,0.530527,0.19259909
0.71492004,0.5668622,0.4762948,0.31935725,0.657272,0.5547094,0.5893064,0.71378124,0.52699924,0.35904536,0.6092115,0.35515603,0.56608516,0.44985682,0.56287885,0.71286047,0.38511539,0.6358718
0.98011893,0.91469294,0.46104434,0.0124842385,0.99143577,0.7577948,0.92761576,0.9919964,0.7897683,0.010762578,0.9863995,0.17227644,0.3306477,0.8295059,0.9544932,0.9980621,0.09763433,0.88298374
0.98718375,0.93421566,0.2647084,0.13896623,0.95467514,0.5098014,0.8983606,0.9427657,0.7071925,0.44113073,0.98207074,0.08702739,0.926349,0.16805917,0.36122036,0.9949841,0.093645826,0.84129465
0.79057354,0.4354684,0.40633872,0.033617888,0.7690606,0.21026501,0.8092024,0.6217247,0.4260338,0.6916065,0.9089793,0.33159474,0.5288218,0.70343167,0.67995584,0.96648747,0.4257675,0.087469324
0.9889457,0.2955148,0.20032519,0.002548704,0.9065741,0.55569184,0.49406546,0.99238527,0.5241675,0.014479697,0.78168625,0.13971004,0.8140766,0.15869781,0.98789686,0.9867521,0.042572662,0.9974464
0.9670116,0.7728867,0.20293589,0.035045743,0.89691836,0.12191342,0.28267446,0.8574813,0.57004625,0.451684,0.9875996,0.346212,0.96997833,0.14700374,0.79884815,0.9936523,0.09514877,0.98294216
0.9944066,0.6970289,0.30288687,0.015223102,0.9850409,0.7009758,0.94082546,0.92918026,0.8410828,0.39809012,0.95122945,0.03356455,0.6117408,0.4904731,0.3735479,0.99104327,0.55323,0.46371922
0.9572044,0.35833657,0.16463664,0.10260211,0.71354854,0.28201866,0.47945127,0.9355124,0.3368022,0.44024706,0.8048135,0.2761548,0.89389855,0.034963794,0.9449656,0.9671377,0.023209084,0.995011
0.9983393,0.9177164,0.29192373,0.0027512542,0.9946221,0.8573738,0.97013456,0.9982696,0.83202875,0.006704587,0.9833552,0.028253123,0.7057923,0.5000305,0.91226286,0.9993369,0.054352097,0.95086545
0.98295015,0.9945464,0.6309469,0.018187305,0.9992506,0.7728057,0.982231,0.9920255,0.9227785,0.009030434,0.9995942,0.20593843,0.17890784,0.9816725,0.88933414,0.99984884,0.1678725,0.42019752
0.9928613,0.91669494,0.35515028,0.018181259,0.98215574,0.77900374,0.9391941,0.985046,0.812409,0.049792174,0.9701961,0.04926097,0.7747655,0.5048871,0.5854988,0.995841,0.18215378,0.7760178
0.71546024,0.938487,0.46112752,0.11109921,0.71537024,0.1493839,0.7937228,0.72365844,0.41518483,0.4811641,0.9866818,0.45088604,0.9168227,0.67479146,0.39588988,0.9908971,0.15776536,0.09670367
0.5707611,0.98761076,0.6059264,0.023892844,0.86079913,0.11696664,0.9650754,0.93685263,0.3079638,0.08446788,0.9987571,0.6310668,0.7777924,0.9598509,0.8409689,0.99962413,0.032137234,0.01119073
0.9691491,0.9843202,0.5420426,0.15845796,0.9879741,0.71882284,0.96086514,0.91397434,0.87329954,0.21548584,0.99355584,0.10802848,0.6459544,0.83155596,0.1604864,0.995409,0.44404468,0.15177697
0.98300815,0.479651,0.21967447,0.043228358,0.9109463,0.47896218,0.76909786,0.9254667,0.59863406,0.44959408,0.87318367,0.10561145,0.7949058,0.13582066,0.76162267,0.9778942,0.14680888,0.9355211
0.9891743,0.7629792,0.36074418,0.003739502,0.9873939,0.7886087,0.90000004,0.997189,0.7151609,0.003911387,0.95948684,0.1334314,0.3616667,0.66128576,0.9893302,0.99778175,0.04302824,0.9801312
0.9538187,0.133259,0.1935898,0.0447915,0.9361456,0.2218402,0.5838439,0.77141315,0.56236553,0.84728146,0.9104706,0.3648859,0.4345531,0.19674079,0.93610454,0.97198683,0.24786624,0.9474068
0.68497896,0.58366346,0.5110001,0.12367746,0.8607934,0.5121026,0.5669291,0.9012192,0.514232,0.0757795,0.84800065,0.5960661,0.24428469,0.7175591,0.9634054,0.92818195,0.15792122,0.89655954
0.87775636,0.9675802,0.6473014,0.0803105,0.9918752,0.6509204,0.912116,0.9534724,0.8204054,0.03480411,0.9952675,0.44282728,0.15825592,0.9618829,0.8889163,0.9967709,0.25208133,0.4590028
0.9975335,0.24257053,0.14511126,0.0016106634,0.99167836,0.4439513,0.8511491,0.9865835,0.6921314,0.18649301,0.9710845,0.07867515,0.45132774,0.23626587,0.9884379,0.998673,0.07721551,0.9897754
0.68452513,0.8530238,0.26398796,0.06078595,0.80296344,0.012369482,0.05371195,0.28772554,0.5857678,0.88722026,0.99852407,0.8925194,0.9921307,0.415539,0.4091702,0.99164885,0.41866297,0.796907
0.9919665,0.29847583,0.19245031,0.014504439,0.96634907,0.55839616,0.85506946,0.9487278,0.723059,0.4892002,0.88619584,0.0842846,0.65375286,0.18182024,0.7776298,0.98470503,0.28067446,0.9028346
0.59885865,0.83396995,0.54107535,0.47784498,0.99065924,0.80747145,0.9522464,0.9759973,0.92340463,0.22536601,0.98195946,0.926909,0.17240073,0.8684654,0.4863911,0.96149564,0.5870822,0.2278935
0.9965406,0.8653022,0.3056339,0.004196033,0.9897075,0.83060455,0.94966733,0.9971465,0.78574646,0.0087656835,0.9682364,0.044819094,0.65773654,0.482844,0.9301592,0.9984343,0.0600559,0.95602036
0.6118319,0.2492296,0.20747964,0.0016463747,0.65424263,0.0016842387,0.02716952,0.12912445,0.24824335,0.93759865,0.9980602,0.90397674,0.97013056,0.6506726,0.9480442,0.99668545,0.3862648,0.6318371
0.5763925,0.6581652,0.53248006,0.48240992,0.8631591,0.70960146,0.67377853,0.71987337,0.5646937,0.34842175,0.59021586,0.8444224,0.38066474,0.70969903,0.738348,0.78886205,0.37938857,0.5402956
0.9757873,0.27379715,0.12191194,0.068610445,0.75965434,0.2198387,0.46554184,0.93686736,0.33004156,0.5841749,0.84480494,0.23800749,0.91522145,0.02068315,0.9571847,0.9796493,0.01886998,0.99720037
0.9987915,0.9163007,0.29425502,0.0034846195,0.9972323,0.81976426,0.98057914,0.9929833,0.8966311,0.05265109,0.9913524,0.018314498,0.65133286,0.60879034,0.6501798,0.99935704,0.23041365,0.71707064
0.8500673,0.93165714,0.51335603,0.4211288,0.9876161,0.790764,0.962376,0.9518209,0.9157806,0.35123128,0.9849034,0.62551916,0.44569668,0.7892011,0.16008076,0.9763232,0.60740703,0.1360794
0.9957608,0.04514666,0.19219516,0.0006466857,0.98286057,0.6427955,0.8054529,0.9787869,0.6987595,0.11388626,0.722376,0.058366563,0.17265804,0.40391365,0.98835135,0.98675066,0.33410367,0.9697824
0.99624556,0.46128562,0.17681037,0.02056265,0.98631287,0.87594277,0.9738985,0.99258256,0.90315664,0.3270095,0.867711,0.0773135,0.8124249,0.12941831,0.23564245,0.98224765,0.44831088,0.70793825
0.9749402,0.7595099,0.37523982,0.05094007,0.93351215,0.7736299,0.8211334,0.9234102,0.57384956,0.11860575,0.70517856,0.18485619,0.7019743,0.46258333,0.79931647,0.973384,0.1644599,0.8373208
0.33697733,0.51051986,0.36942333,0.09706398,0.4824419,0.044062,0.0746974,0.3125845,0.42467338,0.7422491,0.9546688,0.9217212,0.9522071,0.5271291,0.59227556,0.8852753,0.5115331,0.59916794
0.94133663,0.70228875,0.2502983,0.23157062,0.78885597,0.3602234,0.650348,0.88148963,0.47726098,0.5335803,0.89744866,0.24044655,0.8927082,0.09398222,0.70297825,0.9660392,0.06740915,0.95299953
0.80419147,0.5437193,0.4937462,0.048708238,0.90357023,0.6097122,0.6339927,0.9574257,0.5431866,0.027809253,0.83409053,0.49856415,0.21049866,0.73785126,0.9809053,0.9535054,0.12702277,0.93541425
0.656378,0.7338131,0.4145259,0.5210769,0.6890705,0.40375885,0.72998935,0.70921695,0.5338852,0.69126666,0.85397774,0.5660593,0.7814983,0.34372967,0.32434112,0.86394656,0.2898553,0.39124492
0.9292473,0.84041226,0.38824937,0.07527975,0.92615104,0.31086695,0.91228646,0.74100095,0.6416982,0.725452,0.98034567,0.19183834,0.73726594,0.62868625,0.3057722,0.99051327,0.392007,0.096689045
0.89264303,0.8061366,0.47885072,0.2556381,0.9010755,0.58638966,0.8260006,0.67636204,0.73046994,0.5783513,0.898363,0.18251488,0.5943521,0.60551983,0.20875217,0.91623837,0.61107427,0.24026348
0.9584661,0.22833455,0.08808637,0.08804208,0.8948204,0.21990202,0.6521957,0.91628397,0.39373824,0.91719544,0.86679786,0.87870055,0.9637532,0.028736576,0.89025146,0.9887371,0.039462905,0.9724801
0.6645137,0.5882961,0.4165858,0.77071977,0.89129466,0.8740632,0.82614166,0.7354426,0.6650305,0.73968655,0.26562172,0.9407645,0.67477524,0.42111316,0.26407167,0.6066792,0.53379554,0.3308132
0.7314794,0.1584151,0.15855499,0.72232157,0.8778973,0.3666407,0.72690034,0.8077271,0.7013098,0.98174083,0.8116205,0.9340715,0.79715395,0.047376942,0.35939905,0.7964757,0.36113903,0.81391346
0.95676285,0.11279087,0.18181562,0.030311668,0.8857661,0.16738045,0.4866959,0.68645746,0.48165056,0.86991054,0.8782626,0.28120163,0.5806028,0.1607015,0.92209095,0.965911,0.25642887,0.9402101
0.4186954,0.83100283,0.3860732,0.07329779,0.5433453,0.115389295,0.31792283,0.29873535,0.13334562,0.6947544,0.81375813,0.98839957,0.984862,0.73963946,0.7838933,0.9826889,0.12042429,0.12693118
0.6963332,0.9194914,0.46370134,0.029919282,0.75457513,0.061039235,0.32635108,0.45106736,0.5413598,0.4954776,0.9938905,0.5854426,0.9645802,0.8084385,0.30842546,0.988846,0.5037639,0.13643141
0.7791743,0.47870854,0.30723512,0.06914021,0.672236,0.095568284,0.065107144,0.47107196,0.5146435,0.55879754,0.9296036,0.62688136,0.9344643,0.29741022,0.7422329,0.89886105,0.40362677,0.95972836
0.8031718,0.9069268,0.41850588,0.005312218,0.8402589,0.0317422,0.048874546,0.20285313,0.5263748,0.44019806,0.9942122,0.80635124,0.98969316,0.8795046,0.5196992,0.9932352,0.66331863,0.4189074
0.8144463,0.7631749,0.44093087,0.69799536,0.88822,0.886287,0.7798004,0.5139869,0.49562544,0.7123673,0.16434641,0.9039736,0.7800131,0.49524456,0.3676181,0.7491372,0.38898572,0.3741738
0.929281,0.42768356,0.21532714,0.022475401,0.7441143,0.12956516,0.6802356,0.86039996,0.31251955,0.6110399,0.94298834,0.30616108,0.87141997,0.19661193,0.8982421,0.9904541,0.06482418,0.7996426
0.736877,0.030817544,0.08690461,0.2702708,0.8988666,0.15587682,0.87513137,0.9071133,0.6744422,0.99468035,0.9213716,0.96415275,0.7717365,0.036082648,0.5275954,0.9327177,0.34210908,0.52666557
0.22685458,0.6142205,0.50503665,0.22797498,0.25807947,0.14115202,0.5381352,0.6374833,0.17354918,0.38947216,0.8221116,0.77247727,0.69347507,0.61031264,0.86944056,0.89423674,0.0911519,0.27462086
0.67218274,0.863742,0.23193319,0.36141327,0.85566664,0.31997326,0.58047485,0.42360443,0.1980253,0.9374524,0.6977967,0.99825996,0.99395245,0.3749537,0.6342006,0.9888932,0.06790008,0.2763754
0.6020401,0.64862525,0.50454515,0.5236868,0.789116,0.60969,0.72002155,0.7382578,0.67220813,0.497079,0.75466955,0.5831246,0.49686533,0.55025196,0.34948203,0.71315753,0.5394474,0.37965906
0.47240815,0.6436636,0.47614846,0.32845303,0.5969023,0.2086259,0.28834414,0.45336875,0.41495952,0.5514966,0.86289346,0.71333086,0.70511717,0.5568507,0.7199692,0.8375199,0.31720072,0.6757073
0.5290841,0.28480646,0.32808137,0.25756022,0.62851036,0.25504968,0.6155662,0.6556098,0.4440315,0.8359718,0.75501287,0.8277508,0.72754693,0.3318609,0.58791405,0.8234265,0.36647213,0.3595622
0.4549898,0.32147148,0.31269234,0.7607705,0.7979557,0.7922132,0.89610344,0.9112377,0.7703052,0.85274047,0.41496998,0.9655545,0.8172036,0.19908834,0.078172855,0.4606905,0.6507703,0.13778484
0.60572344,0.68774116,0.5246265,0.30678716,0.80991787,0.4478497,0.53855884,0.7394799,0.5088182,0.2508283,0.85076314,0.626756,0.37135094,0.67865527,0.86415446,0.8891218,0.24200618,0.76124567
0.48415518,0.8237499,0.41997024,0.11260291,0.45096418,0.067948446,0.4497396,0.5509029,0.28236866,0.5925555,0.97255456,0.6923445,0.93600297,0.56113213,0.6065725,0.97484165,0.14975403,0.2409772
0.8547741,0.35147414,0.23264116,0.6747219,0.9447647,0.91042763,0.9679233,0.9857053,0.93269163,0.7815591,0.6444026,0.80843294,0.8174288,0.08465925,0.025173808,0.6080234,0.7360733,0.28347772
0.96000206,0.81746364,0.52109355,0.029595755,0.99534154,0.5580934,0.9262397,0.8162002,0.8776114,0.3913154,0.9925693,0.20729959,0.11112831,0.944887,0.6925149,0.9950387,0.7359404,0.17097436
0.67985564,0.29602858,0.18315129,0.5530426,0.7618145,0.3026024,0.46047518,0.8609906,0.6602062,0.89792633,0.8364461,0.93180937,0.941144,0.052786324,0.36964098,0.7947465,0.2804072,0.90992165
0.7236244,0.76075244,0.5167602,0.4537666,0.7393756,0.55501837,0.69080144,0.6141135,0.6125116,0.5118033,0.7743709,0.31933698,0.6134414,0.54178464,0.2806904,0.77508235,0.50956607,0.3511522
0.984691,0.9897212,0.4991945,0.0889722,0.99238914,0.5940384,0.94056076,0.8307974,0.92172515,0.41059446,0.99773365,0.07377933,0.857028,0.8362743,0.04140928,0.9972452,0.70976084,0.08556083
0.61856717,0.8939498,0.47987667,0.28114024,0.836886,0.6772843,0.7885967,0.48267555,0.1904963,0.53768736,0.368131,0.98664117,0.9066047,0.823777,0.7883879,0.9714491,0.110056676,0.09120101
0.23514564,0.29936242,0.40441212,0.6387454,0.7580816,0.63217485,0.8545912,0.93763316,0.71107745,0.6016581,0.68807846,0.9636147,0.49559757,0.409686,0.38537923,0.5824969,0.48909694,0.21677221
0.5204842,0.1847617,0.3153337,0.79816383,0.8789176,0.8490204,0.8855486,0.9155732,0.85731363,0.86427945,0.3741716,0.9453834,0.5663789,0.19411345,0.09506146,0.30645266,0.79274076,0.271956
0.43621215,0.6515561,0.3679091,0.06090407,0.48642325,0.021301324,0.040072378,0.22310671,0.3697161,0.71524835,0.982748,0.8557779,0.9663704,0.54431415,0.70837253,0.94916487,0.39937612,0.7721011
0.95495343,0.8441739,0.3525395,0.014249159,0.8984888,0.252278,0.46533552,0.81985575,0.70085144,0.22920667,0.97804695,0.21117416,0.95151967,0.5514175,0.4002139,0.98660994,0.4559218,0.64312154
0.9150635,0.97997546,0.6283215,0.30706805,0.9801951,0.8072244,0.85547215,0.5550135,0.5656186,0.24011001,0.883943,0.6597153,0.5347846,0.9306029,0.70144916,0.9895118,0.2515387,0.27628887
0.9880451,0.905564,0.40993822,0.01725323,0.9865245,0.8158706,0.9149795,0.98148566,0.7008786,0.025143392,0.9418269,0.16596298,0.5589164,0.71136224,0.92163473,0.9967336,0.09455602,0.87755954
0.9561576,0.3408846,0.26899785,0.01968306,0.94194,0.16925903,0.33825475,0.5275339,0.71419454,0.78921115,0.96183425,0.27870673,0.7357214,0.45472005,0.6676497,0.9701914,0.68147635,0.8090175
0.98661715,0.11921782,0.15533556,0.01738103,0.9556822,0.23891257,0.67024446,0.7826083,0.6029436,0.8793824,0.91418684,0.14408585,0.52680206,0.14855099,0.9043463,0.98361814,0.29601645,0.94157046
0.73614836,0.1935485,0.35233176,0.040837426,0.725947,0.13704142,0.40503165,0.41871357,0.43196586,0.7966503,0.8542011,0.49949646,0.521719,0.5684642,0.8151314,0.90570205,0.5422916,0.44791192
0.9244275,0.76605594,0.432628,0.1341794,0.8861604,0.6521485,0.8078111,0.8844677,0.6692835,0.22710831,0.8504605,0.17101413,0.64319134,0.48511493,0.5073798,0.9380579,0.3274782,0.62436616
0.99563295,0.6192514,0.3036536,0.0044682208,0.9934072,0.70844865,0.9423445,0.9705543,0.8461913,0.1598661,0.9698028,0.0450422,0.37166643,0.64970446,0.80230665,0.99654704,0.42249486,0.699165
0.772151,0.14799209,0.10986875,0.31063318,0.77379054,0.10850347,0.5597895,0.87689155,0.50991786,0.96788806,0.93793976,0.91851234,0.93189967,0.027222203,0.70673907,0.9491904,0.10737298,0.9341259
0.8754312,0.70169514,0.3502843,0.6160972,0.8895334,0.8584155,0.77996224,0.6832478,0.4899848,0.70423204,0.21623804,0.8823163,0.8433144,0.29602367,0.4664603,0.8242114,0.24808775,0.6367593
0.40032074,0.580035,0.56244093,0.3996637,0.5800074,0.41946945,0.50462204,0.5988043,0.4388815,0.34985957,0.6908199,0.62484384,0.39699093,0.6703575,0.7330593,0.69857335,0.36328572,0.48771587
0.16332285,0.39161372,0.3456209,0.35956788,0.23519255,0.20493363,0.83808607,0.89015263,0.26811758,0.70460254,0.75753856,0.9433232,0.8887708,0.27494916,0.4791831,0.83251065,0.120513484,0.06917185
0.9063147,0.12083418,0.11319373,0.0073057064,0.85031664,0.0068249824,0.08532841,0.3294976,0.33423957,0.9748852,0.9943135,0.7569234,0.92650414,0.16306344,0.9663529,0.99579537,0.18306886,0.96448135
0.49912435,0.44006708,0.36679882,0.6257138,0.6105894,0.32142672,0.38247648,0.58402145,0.5652306,0.8028085,0.7525106,0.7840896,0.7741972,0.22828603,0.4021676,0.61981356,0.4325095,0.74282753
0.51591104,0.5399685,0.2852581,0.28002614,0.74564546,0.30472267,0.6010636,0.61614513,0.38811225,0.88057667,0.7231752,0.98543763,0.9554076,0.38009384,0.47566596,0.9255333,0.27969462,0.2187268
0.97999614,0.12450106,0.15223826,0.033042125,0.92836636,0.3558386,0.700499,0.8936868,0.60965526,0.79006076,0.83410585,0.21736413,0.6539909,0.08958124,0.8659008,0.9663877,0.2277661,0.956793
0.98039156,0.111314274,0.21723099,0.010492576,0.91809845,0.49205196,0.67303395,0.9201433,0.5748706,0.3635324,0.68468434,0.12549512,0.4433334,0.22140634,0.94241303,0.9550108,0.2634099,0.9537388
0.99514997,0.9846909,0.41672525,0.04059781,0.993612,0.80950916,0.98028195,0.9794885,0.89523077,0.101389036,0.9940846,0.03210891,0.8073251,0.6696812,0.18531428,0.9985671,0.28043965,0.33853534
0.95422804,0.9851749,0.5908109,0.052565675,0.98950243,0.47149366,0.78868645,0.7075878,0.92268425,0.2570688,0.9976274,0.18312314,0.8162556,0.94008076,0.07129283,0.9942776,0.8586717,0.088174246
0.99241185,0.867393,0.25415856,0.031737756,0.97619885,0.4465196,0.847316,0.9105603,0.7952245,0.49112236,0.985855,0.069104336,0.9042723,0.29048795,0.34671322,0.9955381,0.29744887,0.7695512
0.98462003,0.9060957,0.3585039,0.05428283,0.9655131,0.6394854,0.84944886,0.6995067,0.54677695,0.4924747,0.87793803,0.25358,0.8681873,0.592366,0.5619435,0.99316907,0.2312201,0.46566492
0.88714534,0.3570482,0.24989878,0.2348401,0.68178684,0.5105005,0.6133511,0.91804355,0.49347258,0.44605142,0.6091166,0.39371103,0.82528,0.081000485,0.7296732,0.8420319,0.12036591,0.9521343
0.9068253,0.92555153,0.4983693,0.22190158,0.99439704,0.8808608,0.9582374,0.9720332,0.86433417,0.12983684,0.9631803,0.83690107,0.35533592,0.86068195,0.6745019,0.9904649,0.3246784,0.39839375
0.98293847,0.9861077,0.43541843,0.49374107,0.99397427,0.93254334,0.98269737,0.8571241,0.87240034,0.64949846,0.928408,0.52273124,0.8882473,0.674874,0.037071463,0.99117196,0.51454103,0.06768193
0.80321085,0.9207059,0.5873072,0.28324702,0.9388803,0.5813441,0.81974936,0.7710667,0.7459944,0.26838762,0.9638521,0.3497014,0.44770777,0.8307621,0.41288617,0.9600091,0.48361352,0.27189854
0.55782706,0.9077821,0.39297512,0.07076301,0.50035185,0.03996108,0.5257902,0.5936384,0.25781757,0.613893,0.99168336,0.67863023,0.96824265,0.5790275,0.5908174,0.99317217,0.09203035,0.17015868
0.793225,0.27362338,0.35139954,0.012358883,0.7377661,0.14695765,0.8332821,0.69011265,0.34692115,0.71024066,0.91101664,0.38175994,0.5342065,0.6899034,0.81221837,0.97901154,0.34945935,0.06862233
0.632302,0.7137312,0.54336715,0.45643055,0.77586335,0.6387074,0.5083689,0.43283096,0.47210374,0.46901706,0.47714862,0.7509922,0.5742845,0.6966203,0.6112406,0.73809445,0.45291048,0.48080122
0.6135202,0.62661445,0.19262558,0.15582237,0.68987703,0.029314708,0.16492939,0.2992434,0.20147486,0.9590432,0.9697933,0.9818026,0.98542666,0.22043255,0.85775757,0.990091,0.07116095,0.80510795
0.9152065,0.67056304,0.44274366,0.09454218,0.9316703,0.5617911,0.78280765,0.809951,0.70740926,0.35692924,0.90360725,0.22052322,0.4443563,0.644586,0.602782,0.94996405,0.48633507,0.52345824
0.2875578,0.6095061,0.36222723,0.06288368,0.31189117,0.013114259,0.039325356,0.21703526,0.23884535,0.73389685,0.98098046,0.9047766,0.97019,0.5184064,0.8117624,0.95328254,0.2452565,0.72465956
0.7698878,0.8908563,0.4770991,0.29066405,0.79161996,0.46539584,0.8900208,0.7975932,0.60537326,0.51440537,0.93631583,0.3574482,0.8108822,0.57790005,0.17922531,0.9527208,0.34604737,0.09292971
0.34337732,0.38798794,0.1967814,0.10145637,0.4945814,0.029915573,0.5715015,0.7965509,0.32432023,0.9275259,0.9834597,0.9692722,0.9735923,0.2005904,0.5965326,0.98130137,0.12289215,0.2199542
0.4260431,0.88304484,0.28951114,0.06785952,0.33420128,0.007828602,0.24031465,0.4721184,0.13767076,0.80138594,0.9968528,0.8655966,0.98934877,0.36396652,0.8204557,0.9968101,0.028535493,0.4718069
0.3528956,0.18776348,0.32337365,0.8340201,0.7749496,0.7955242,0.8785537,0.9376394,0.83408064,0.8317888,0.42701313,0.95141387,0.63228905,0.16037586,0.08553653,0.25614285,0.7314365,0.24432145
0.40252253,0.6363108,0.5892639,0.39366418,0.72622204,0.48168284,0.5379136,0.6466523,0.48159578,0.2729437,0.74518734,0.7301878,0.293289,0.7728819,0.8192134,0.77476186,0.35332236,0.52346927
0.9383242,0.5083116,0.2865018,0.07369219,0.8294301,0.36355007,0.73161906,0.8444118,0.5056157,0.54095787,0.871256,0.20609418,0.7529704,0.2436494,0.7270183,0.96416116,0.18239976,0.7845511
0.8530153,0.41982448,0.1253578,0.010362181,0.6841655,0.0041391957,0.052942824,0.43193018,0.22719504,0.9226592,0.99735224,0.8158689,0.98781675,0.12834863,0.96038043,0.99782103,0.05211708,0.9780047
0.55131835,0.504019,0.47349265,0.2750633,0.57689524,0.34035546,0.4283594,0.4382019,0.41253433,0.60603476,0.6438691,0.63239074,0.6492486,0.5608351,0.6089301,0.73841506,0.44673187,0.4330611
0.70804834,0.70729005,0.49876064,0.51863515,0.8562241,0.7743907,0.6906374,0.6255524,0.5060135,0.4583011,0.39640313,0.82851994,0.5609505,0.6267884,0.6394349,0.7860757,0.3551249,0.515325
0.5642073,0.42286676,0.4086527,0.5742423,0.6075813,0.40489617,0.5070411,0.5758023,0.51109636,0.7454993,0.6479737,0.6158931,0.60209286,0.29423377,0.50443816,0.62083906,0.40104616,0.667785
0.93853265,0.9914803,0.38372204,0.18769169,0.96668965,0.746399,0.9906398,0.8644913,0.44229147,0.67936885,0.9390676,0.9157543,0.98561126,0.7513964,0.1147035,0.9988918,0.08770044,0.00495577
0.8441245,0.9756319,0.4019897,0.12277165,0.7971762,0.12926556,0.9029144,0.79954326,0.42380053,0.59921825,0.9957455,0.3381476,0.96042913,0.56382346,0.27582237,0.99770033,0.07992987,0.073642544
0.3231019,0.7943179,0.30981705,0.095045045,0.35340723,0.033381935,0.6458062,0.77773994,0.22170815,0.7405837,0.98794264,0.91484416,0.9802001,0.39237106,0.56972736,0.99014944,0.06252462,0.09985298
0.4444309,0.5806451,0.3924358,0.29398653,0.5446269,0.17466298,0.26392883,0.4289877,0.38960907,0.7326208,0.8255611,0.88528824,0.8972177,0.43772587,0.5710095,0.8381858,0.346145,0.5467757
0.55964315,0.9354584,0.37435254,0.026083538,0.5281882,0.015743632,0.37012315,0.52149415,0.25635093,0.62091607,0.9976592,0.7522842,0.98716867,0.6717954,0.5903415,0.9974408,0.10310214,0.13942932
0.4817349,0.20852445,0.2695661,0.90428853,0.8695563,0.90841883,0.93292457,0.9441765,0.86286354,0.91359276,0.23285763,0.9807625,0.7738181,0.10949956,0.03872969,0.24586281,0.7597129,0.18079285
0.8978175,0.98479134,0.67760944,0.038510315,0.99396265,0.45450673,0.71356237,0.7429792,0.9008754,0.09374173,0.99825954,0.4763229,0.511186,0.98405683,0.43975174,0.99664205,0.7758306,0.16098543
0.22582746,0.7899594,0.4066152,0.012158533,0.605917,0.0035554895,0.015857687,0.22670455,0.28384343,0.507899,0.99886096,0.9721115,0.96977454,0.8579763,0.954342,0.9948445,0.2254477,0.7844777
0.89019984,0.45905742,0.20679635,0.29078937,0.59514976,0.2342149,0.40996203,0.8508991,0.31486085,0.6172311,0.8087228,0.40362653,0.89698124,0.044435702,0.8884905,0.9360596,0.032869503,0.9887066
0.24601102,0.57332397,0.39501962,0.12884818,0.11450018,0.06587027,0.5567531,0.7152884,0.08154775,0.4544634,0.8377906,0.7671747,0.89593786,0.3709725,0.9079203,0.9488744,0.025701975,0.291035
0.9416872,0.9380979,0.18896599,0.06136756,0.9307362,0.015604202,0.3871528,0.41668954,0.43521756,0.9568876,0.99941534,0.6452491,0.9878673,0.27098522,0.63508296,0.99949604,0.07337654,0.76566696
0.9418836,0.9697868,0.5849672,0.06968356,0.9912668,0.69407064,0.9347821,0.9603675,0.8353819,0.048506018,0.9940751,0.26182345,0.3018956,0.92270726,0.76290685,0.996941,0.25920638,0.442476
0.8120687,0.6043986,0.45528895,0.2884651,0.71915954,0.62574583,0.5981421,0.62866706,0.4643197,0.41699356,0.46686086,0.3953645,0.6346345,0.45487964,0.6128248,0.7733987,0.3414354,0.6514209
0.9137503,0.73638815,0.28473297,0.3145442,0.7787229,0.34869227,0.6419017,0.82918125,0.4901509,0.599886,0.9042839,0.28260183,0.87295383,0.12739702,0.62735134,0.9565149,0.093256,0.91910404
0.8188743,0.8622801,0.22516856,0.009138305,0.77475137,0.0067263236,0.008169236,0.059969496,0.1516586,0.8504629,0.99231327,0.9782208,0.99778354,0.5745772,0.95393497,0.9982429,0.107075766,0.95823246
0.55862075,0.61866647,0.5192595,0.49739927,0.58972186,0.53851366,0.5457113,0.5010773,0.4389784,0.5182332,0.4983793,0.5806426,0.58307153,0.53947145,0.52341086,0.64041615,0.40754575,0.4490187
0.80749774,0.94778013,0.44031787,0.16532816,0.7914363,0.21652123,0.4722775,0.2913592,0.2543472,0.6504049,0.9211424,0.79586375,0.95632,0.69433475,0.6555501,0.989152,0.12670696,0.3378251
0.8401187,0.75440544,0.22234121,0.75384456,0.92063034,0.4418666,0.4268466,0.37773642,0.454885,0.9642065,0.7233033,0.9803959,0.96442366,0.14677146,0.5219362,0.9456454,0.16338189,0.88476723
0.7846527,0.9838472,0.207279,0.017545795,0.7566702,0.0018025056,0.059667796,0.16173586,0.14304653,0.9211362,0.99980533,0.9591916,0.99935675,0.4862076,0.8385585,0.9998854,0.021733189,0.72281414
0.87560123,0.95950055,0.5915687,0.26425228,0.9678393,0.6316158,0.8980877,0.82899505,0.79979825,0.24677977,0.98280954,0.27001935,0.46455193,0.85742575,0.32763395,0.9822137,0.46479595,0.20166184
0.6843598,0.79030526,0.55261755,0.40386215,0.8091655,0.54797524,0.6962602,0.6659465,0.62622774,0.3882284,0.84684056,0.39994428,0.48309314,0.6769103,0.43808097,0.84192884,0.4715587,0.37900695
0.93573797,0.4740393,0.30005312,0.095901184,0.9013782,0.32225838,0.57983404,0.51234215,0.48706552,0.8112865,0.8444704,0.3979861,0.6770008,0.38330156,0.77391744,0.96327806,0.31752095,0.7543029
0.91410637,0.65210533,0.35394457,0.30844063,0.9543541,0.9020169,0.8848243,0.9327518,0.67976844,0.3254838,0.4165395,0.829085,0.6973034,0.4046095,0.59941417,0.90370613,0.27631015,0.6786391
0.99786776,0.06469367,0.03613233,0.0008286028,0.9638389,0.018722396,0.07738287,0.8789469,0.47670865,0.8807432,0.9924594,0.2555077,0.97715825,0.014077811,0.992306,0.99904317,0.044350743,0.9998157
0.93019736,0.9098399,0.45726368,0.17795411,0.9885772,0.807181,0.9601076,0.97789013,0.8965282,0.16323753,0.98115355,0.46052086,0.4767373,0.7267639,0.3669743,0.9868099,0.41903192,0.35343108
0.69203866,0.51108825,0.42653427,0.49801442,0.72416085,0.5617272,0.569619,0.52912384,0.49744532,0.7006038,0.49687517,0.6567069,0.62481195,0.39738783,0.5200053,0.6906099,0.4219012,0.58966845
0.7796044,0.23302926,0.12989926,0.043244988,0.5124772,0.020441279,0.3933044,0.7621227,0.15035279,0.91439426,0.9736711,0.7861124,0.9461476,0.06671409,0.9662918,0.9931115,0.018477056,0.9275933
0.95826733,0.8221029,0.31253093,0.41485286,0.95031136,0.85512775,0.88373953,0.8246435,0.6205116,0.65268314,0.53050727,0.6937201,0.8826073,0.27690455,0.3446503,0.94761455,0.23412006,0.61055213
0.9869518,0.9829599,0.48003083,0.070860825,0.9904827,0.7468889,0.96138203,0.94539255,0.88168395,0.15560561,0.99306643,0.06847629,0.76459444,0.7738679,0.17054015,0.99705523,0.40668932,0.2389125
0.92265874,0.96302605,0.5437516,0.3039229,0.9592593,0.65746444,0.91687614,0.8021346,0.81223285,0.38746592,0.9771781,0.15957296,0.6624736,0.7509204,0.1303844,0.9778576,0.5230895,0.14955586
0.8877626,0.8361789,0.45109704,0.27495366,0.9624482,0.78415674,0.9086745,0.9328974,0.8025398,0.27678162,0.90673614,0.5309066,0.56039256,0.61721134,0.38857925,0.9531994,0.41326076,0.4164214
0.98999363,0.3556065,0.13112664,0.044582386,0.9746924,0.13341255,0.7310373,0.73338526,0.628881,0.9601629,0.987163,0.16958128,0.74030507,0.10206389,0.8296359,0.99625427,0.1690515,0.9444093
0.8439231,0.6786929,0.30420902,0.010525128,0.90345544,0.08387595,0.5009229,0.36109212,0.38877565,0.85273635,0.9729052,0.89995044,0.94881237,0.7895022,0.68940544,0.99542844,0.42553872,0.09793116
0.8918761,0.46707538,0.28658327,0.55736244,0.9277117,0.933609,0.89573866,0.91943026,0.69937587,0.63233757,0.1579395,0.9106375,0.82189894,0.19156738,0.29357576,0.71425,0.39071822,0.5896928
0.765891,0.86067057,0.2975447,0.59633434,0.95184815,0.9317632,0.9489841,0.69295555,0.36040148,0.89405763,0.096977256,0.9991762,0.9837013,0.55576175,0.24009782,0.95633006,0.20867687,0.026264811
0.82253927,0.64428246,0.43378636,0.065893255,0.90665793,0.41701895,0.5215123,0.9266866,0.54301995,0.07565416,0.9312953,0.55251044,0.41065183,0.633511,0.96893084,0.9726542,0.114019774,0.95081824
0.63566244,0.43428242,0.35067275,0.7825102,0.8659109,0.81247914,0.9046065,0.914092,0.86554724,0.8126859,0.6317115,0.8149072,0.70084935,0.20584671,0.046152182,0.4729835,0.75527257,0.21039215
0.6356778,0.8582662,0.61118674,0.32076725,0.92753893,0.5711818,0.76601535,0.80089754,0.7029678,0.20026515,0.947428,0.5858097,0.2600965,0.8642129,0.69495195,0.93850183,0.42090768,0.38928974
0.94713396,0.90996736,0.3064161,0.37327567,0.8966704,0.36428952,0.796347,0.82171077,0.61994374,0.69088537,0.97416973,0.21124148,0.9030271,0.18352872,0.3471964,0.98453224,0.121390685,0.7931986
0.19608735,0.11005458,0.23147418,0.84068394,0.6762521,0.7579097,0.9554991,0.9813953,0.8206783,0.90903115,0.44299614,0.9902056,0.82832426,0.07955451,0.044341642,0.28742298,0.6347735,0.067744754
0.31420958,0.6389887,0.35748807,0.15766877,0.40446982,0.08845056,0.31601718,0.47366014,0.21626808,0.74060243,0.87572336,0.96358854,0.96184367,0.4874028,0.7033262,0.9431159,0.15668437,0.2826359
0.4657673,0.60569346,0.4087393,0.31542575,0.5824294,0.26646703,0.37066078,0.46522945,0.38547918,0.70609814,0.731639,0.90162504,0.8869314,0.48371214,0.5364968,0.8293752,0.35007378,0.4127598
0.9564582,0.17005162,0.18387343,0.016973969,0.92451376,0.07811241,0.26154447,0.498482,0.57703006,0.9084197,0.96685314,0.37503302,0.7453861,0.25156283,0.8796123,0.98101574,0.4410307,0.93337405
0.3145148,0.54872036,0.41250458,0.3059057,0.41322094,0.29858655,0.8082767,0.835039,0.40083286,0.60466605,0.7969237,0.84202844,0.8425958,0.4263118,0.3550463,0.8365276,0.2591954,0.080415145
0.82517385,0.17964707,0.17827944,0.6972305,0.8906391,0.8866837,0.9121566,0.9784466,0.824939,0.81272125,0.29227903,0.92820054,0.86130685,0.03878966,0.1441109,0.5248656,0.43535617,0.7391179
0.9635481,0.98280334,0.5236271,0.55203265,0.9885888,0.94423497,0.92474234,0.4710745,0.5532922,0.5644965,0.49855092,0.88177437,0.82799304,0.8455675,0.3891002,0.9854842,0.2657932,0.18282261
0.76015747,0.8065084,0.4268016,0.4937171,0.7578805,0.34201375,0.58339083,0.5748463,0.5663414,0.6949385,0.91119856,0.4073981,0.78462976,0.37064862,0.35375205,0.8963493,0.32189217,0.60568374
0.52397895,0.41575214,0.38088802,0.08757521,0.5114267,0.08063273,0.26225364,0.35780948,0.2917712,0.7492143,0.8953006,0.7224035,0.7966562,0.53259635,0.8117516,0.92047477,0.301324,0.49930203
0.61052394,0.5894519,0.5138907,0.3695,0.7354037,0.55888164,0.6117248,0.73702663,0.57170725,0.3307242,0.70171803,0.52276546,0.43408954,0.5796353,0.6310042,0.73642623,0.41276368,0.58477575
0.5381877,0.51779914,0.44383872,0.58441025,0.6629211,0.592471,0.7411529,0.75606316,0.63537425,0.6454974,0.62561405,0.6590728,0.6480164,0.37002516,0.23053281,0.58492535,0.53781736,0.2989624
0.90480024,0.9613663,0.5640705,0.28707203,0.9629315,0.64636844,0.90899515,0.8134998,0.80663085,0.32408062,0.979621,0.2015263,0.5813377,0.8011217,0.19841924,0.9796825,0.49836716,0.17053272
0.8389886,0.8606431,0.49465823,0.52475125,0.8754771,0.74339765,0.80048615,0.59165776,0.61676466,0.59176016,0.6642341,0.52062273,0.7258756,0.5769261,0.23552056,0.8640443,0.46704116,0.27747244
0.7790861,0.9297353,0.46454635,0.16465874,0.76516134,0.23496896,0.7966775,0.701815,0.5095633,0.52193016,0.9776306,0.35569438,0.8953399,0.62716776,0.27510786,0.98260975,0.24726243,0.124401726
0.6070358,0.7088697,0.5496299,0.43352216,0.7355165,0.5244984,0.6200804,0.62415224,0.5757035,0.40483293,0.7697333,0.45385957,0.46159136,0.64185876,0.5022622,0.76142055,0.46575284,0.4393041
0.8361462,0.3811958,0.25228235,0.15373172,0.6125371,0.29226595,0.41263252,0.86097795,0.4279198,0.48429912,0.7593283,0.5155586,0.8883087,0.10949648,0.7825323,0.88753825,0.1219143,0.94881666
0.3393501,0.28878567,0.25529802,0.8237623,0.8964312,0.87208194,0.9730116,0.97878546,0.81726056,0.88057625,0.4547874,0.9961578,0.8377283,0.18354271,0.07521507,0.6144716,0.5394515,0.05485182
0.98006123,0.977361,0.38326836,0.7709415,0.99444294,0.9804696,0.9792915,0.69957113,0.7643071,0.8437581,0.36664915,0.94230855,0.9372658,0.59224594,0.054605026,0.97638696,0.43897858,0.080145806
0.89242154,0.55925214,0.3641452,0.33456388,0.9081597,0.8493318,0.8178324,0.8342421,0.6146365,0.49875095,0.33215767,0.7364895,0.6987757,0.37292728,0.5142878,0.8264425,0.36878908,0.6097371
0.99468964,0.995257,0.49539962,0.058964748,0.9973354,0.8074793,0.9885167,0.9742739,0.9313852,0.11742555,0.99852,0.036877766,0.75611824,0.844249,0.107870676,0.99939084,0.36652014,0.13680577
0.26234558,0.3591151,0.392817,0.10642022,0.73028773,0.27785435,0.33742988,0.674352,0.70866674,0.66155314,0.81701684,0.98686546,0.9335165,0.6982183,0.19531752,0.713936,0.8604201,0.08927427
0.951808,0.90284395,0.3558132,0.12236022,0.92458355,0.34124386,0.63442063,0.7642616,0.7345381,0.5152865,0.97962844,0.20572989,0.9186143,0.39776993,0.25915486,0.98205686,0.37670192,0.68526226
0.5099164,0.5678785,0.5261517,0.43710685,0.52970445,0.45948273,0.4493375,0.46804526,0.4444688,0.49875045,0.53915066,0.5463247,0.5809458,0.55229807,0.5276231,0.59271216,0.46447012,0.47200948
0.1538972,0.34655634,0.17824493,0.004272655,0.09590405,0.0006087689,0.14394303,0.41613963,0.02738814,0.91865104,0.9973969,0.97728,0.99074817,0.37317705,0.98739916,0.9988813,0.009588124,0.25144765
0.99502385,0.9029087,0.2908312,0.038401254,0.98433864,0.6696954,0.9530123,0.9445312,0.83646524,0.4172988,0.98056895,0.033727918,0.83288765,0.35807288,0.22734243,0.9957445,0.3346438,0.525183
0.89838666,0.9116723,0.47441924,0.50475055,0.9320913,0.77238387,0.8954383,0.7285127,0.7494991,0.61292976,0.84250593,0.4055108,0.76988626,0.5628736,0.107147984,0.9227464,0.5372087,0.17899004
0.9024403,0.63323164,0.32513586,0.16196772,0.7603656,0.39901203,0.53230745,0.8170737,0.5338283,0.41665882,0.8372492,0.27318528,0.84338886,0.21459264,0.63015395,0.92064637,0.19883686,0.89348185
0.4652645,0.88871425,0.4686632,0.14501391,0.4330965,0.28187105,0.672188,0.3635144,0.06446112,0.535365,0.5036331,0.9670969,0.95612884,0.765208,0.87486935,0.98161554,0.0372742,0.069932505
0.39735022,0.30003873,0.33362275,0.43254474,0.45388928,0.45744592,0.7853846,0.89927125,0.4737513,0.6405576,0.5603762,0.8566286,0.7996062,0.20014493,0.4063198,0.6535211,0.2643784,0.30937272
0.6034276,0.4054934,0.4083859,0.577991,0.7550565,0.6986917,0.7467269,0.6906476,0.6022622,0.7487985,0.38357958,0.82168484,0.6265098,0.378792,0.3102762,0.56415755,0.56164426,0.31444007
0.89562774,0.7574899,0.39721286,0.15047696,0.8746486,0.36085427,0.56394595,0.6479389,0.68210053,0.5767212,0.93597406,0.27575275,0.7994836,0.47160742,0.3552002,0.9397817,0.5066722,0.60479075
0.42599732,0.6340282,0.49996123,0.33528182,0.3868477,0.29219773,0.58805406,0.59162974,0.319853,0.488256,0.72493726,0.5576541,0.6984882,0.52160805,0.59279406,0.792364,0.24148522,0.28715882
0.93975645,0.9725629,0.56202906,0.17989518,0.9810793,0.6806433,0.93510014,0.8937294,0.8364737,0.19759612,0.989241,0.17732075,0.53953016,0.84545314,0.28505012,0.9916231,0.42495647,0.20832495
0.8471964,0.73762596,0.42171776,0.34474406,0.9085294,0.7356032,0.7839459,0.76044154,0.73978615,0.57443833,0.71645725,0.6552778,0.78122133,0.51026374,0.1933886,0.8493565,0.61718416,0.31320843
0.9791371,0.93383145,0.43579772,0.05940096,0.9759996,0.7474715,0.92998,0.9608403,0.790265,0.09841215,0.9689635,0.09887623,0.67475414,0.6376895,0.5043487,0.9923327,0.24211815,0.5819965
0.6708039,0.91056985,0.5047058,0.031984407,0.8141363,0.23296918,0.3742197,0.30263564,0.40177408,0.46040326,0.904476,0.93192065,0.9711848,0.91196007,0.4023091,0.98004115,0.55689704,0.051104218
0.90855706,0.37884372,0.2229177,0.24567924,0.9124363,0.19315523,0.6066561,0.60165274,0.6300002,0.9484813,0.9541653,0.49111453,0.7117127,0.16849785,0.6002832,0.9596979,0.34084257,0.82735103
0.9564243,0.91134775,0.45256004,0.022119502,0.97182906,0.32105228,0.8527026,0.66803473,0.83628875,0.59114563,0.9929113,0.15912145,0.8236075,0.85647154,0.109566875,0.99294806,0.8099614,0.04274736
0.9963357,0.58888245,0.15241541,0.006138561,0.95508474,0.61507154,0.8286587,0.996799,0.53965664,0.027597588,0.9213499,0.07262922,0.8732356,0.06885091,0.98166734,0.9974546,0.010557446,0.9977508
0.874067,0.23971969,0.18893257,0.6673083,0.9520449,0.9344544,0.9758169,0.99303615,0.94617015,0.7873322,0.55832046,0.8551053,0.84050214,0.04999734,0.022116655,0.55226016,0.7374762,0.34734857
0.98779064,0.30714744,0.28368118,0.012571576,0.9852433,0.4497043,0.8537271,0.7313659,0.8166448,0.7943716,0.95058084,0.08144703,0.32411993,0.5943235,0.5948896,0.9842686,0.76914406,0.4354384
0.87990427,0.9713406,0.6161065,0.2284745,0.9822279,0.64857656,0.92048335,0.8734867,0.8326702,0.17946514,0.9911304,0.31582007,0.37601855,0.9092579,0.4059829,0.9903657,0.44625944,0.18960626
0.8982665,0.9923908,0.7105807,0.11293513,0.99723005,0.6650708,0.9584612,0.9450601,0.89354646,0.045165233,0.99908054,0.4140762,0.14704266,0.9848685,0.7382417,0.9989374,0.34990853,0.17046186
0.9667423,0.31885275,0.24972814,0.03278972,0.88314027,0.4875945,0.6708094,0.93666506,0.531889,0.25982243,0.78481287,0.17834328,0.6326402,0.19392319,0.9205456,0.9631733,0.12812908,0.9630461
0.9622149,0.9413774,0.484083,0.23010327,0.96252984,0.72886956,0.9034028,0.66032267,0.7357751,0.55227524,0.91611636,0.17454487,0.7336037,0.69633406,0.16804829,0.9762048,0.519754,0.17628543
0.96360636,0.97120553,0.54900885,0.058894463,0.9915595,0.7195378,0.9459669,0.9669615,0.84453243,0.05205608,0.99366766,0.18599682,0.39467984,0.89182365,0.68863386,0.9973132,0.25216115,0.45251414
0.9351043,0.97180253,0.53210515,0.3744633,0.98376095,0.8065609,0.94769317,0.8362198,0.82920456,0.4057673,0.96523356,0.42670208,0.66308427,0.80410004,0.16085476,0.9852999,0.4868347,0.13276245
0.9705958,0.0879509,0.19633235,0.040773574,0.97419995,0.81530607,0.9270789,0.98007256,0.87780625,0.5711089,0.6593389,0.41815263,0.4361123,0.19039294,0.5102335,0.8858,0.6716054,0.70345116
0.8603973,0.29509926,0.21773148,0.2839073,0.7758218,0.12841554,0.3963407,0.5284384,0.39984235,0.93007237,0.9096306,0.49892533,0.7116439,0.10866939,0.8591299,0.9429156,0.13863412,0.9514799
0.24409571,0.43469933,0.40392527,0.40877053,0.41759568,0.35635084,0.825248,0.87342274,0.41644484,0.61346084,0.7222931,0.9023567,0.775759,0.38445187,0.41743425,0.76309353,0.25042462,0.10273058
0.7865186,0.47833773,0.2621125,0.6376533,0.8303638,0.38571435,0.5872661,0.5235462,0.4478487,0.93781,0.713584,0.8576519,0.79965943,0.15400156,0.63200533,0.8871933,0.19436476,0.8212002
0.50014734,0.508917,0.52194124,0.40668148,0.73761153,0.563519,0.5874856,0.7623035,0.5763821,0.31259346,0.6757842,0.67028165,0.3469329,0.6100443,0.7140419,0.68401855,0.4188346,0.6160057
0.7228423,0.7322914,0.51926935,0.37619406,0.82879573,0.65315723,0.6785039,0.69323194,0.55556,0.3458487,0.67448974,0.58071995,0.50548404,0.64439714,0.6217121,0.83578384,0.37054545,0.5278425
0.9140889,0.9442798,0.53898245,0.23904257,0.944057,0.7045754,0.61533594,0.31957173,0.6298124,0.5203213,0.76956797,0.6099259,0.8623871,0.825794,0.24170017,0.9492592,0.6281117,0.23139098
0.91112566,0.8863276,0.51205605,0.05405339,0.9380704,0.45791993,0.50620794,0.64842814,0.7932713,0.24952915,0.9601971,0.2880283,0.8156926,0.813373,0.26529646,0.95904946,0.75168276,0.380311
0.9909141,0.8109282,0.3070869,0.027672464,0.94782394,0.77870536,0.9124014,0.97998804,0.73068225,0.08186354,0.8844071,0.044571377,0.8285142,0.27054837,0.5550836,0.985919,0.1625507,0.84528816
0.501519,0.2933341,0.37069657,0.759881,0.73722225,0.751688,0.8009134,0.864702,0.77695185,0.76882386,0.44059095,0.8304179,0.6301913,0.2077834,0.11966664,0.3217125,0.69565195,0.35160714
0.95590633,0.9811726,0.5421271,0.27024856,0.9777898,0.69294864,0.95071137,0.84041363,0.8586134,0.382117,0.9890569,0.10985595,0.7140496,0.77854025,0.07919866,0.98962003,0.5397079,0.102043785
0.9744239,0.79182625,0.27739057,0.1181113,0.89351654,0.5370743,0.8155409,0.9285724,0.62027836,0.36371815,0.9156899,0.11521467,0.8773515,0.16020805,0.5344618,0.9788288,0.12111524,0.88428813
0.5052996,0.7413595,0.45741263,0.09024532,0.6602756,0.072348446,0.14378515,0.3567293,0.47850618,0.5517168,0.9742122,0.7572065,0.88999677,0.704877,0.634749,0.94303596,0.47132236,0.5546603
0.9738947,0.98431724,0.4856159,0.44581038,0.9874187,0.8838956,0.9647295,0.7597934,0.81239897,0.5892599,0.9270976,0.39739478,0.8534726,0.72719955,0.06644397,0.98833185,0.4800036,0.08872263
0.9143887,0.8375121,0.505725,0.051837776,0.9650143,0.66740847,0.8336423,0.9627276,0.7008846,0.039188445,0.95537347,0.3115923,0.31487322,0.7959739,0.9166158,0.98636633,0.17483816,0.80405694
0.8375211,0.88685244,0.52291846,0.22620954,0.9827091,0.7481648,0.9275093,0.9606566,0.86026603,0.15005802,0.97708005,0.61781603,0.31748697,0.8208343,0.5633531,0.97881466,0.41860273,0.37641355
0.3284003,0.12008986,0.27718687,0.913936,0.90520406,0.90061533,0.9389629,0.97834504,0.93208104,0.87749743,0.4254427,0.9849886,0.54964066,0.119518146,0.042545266,0.17735158,0.8458285,0.23201856
0.7325225,0.6084906,0.43250066,0.38470086,0.93333596,0.7575777,0.87436676,0.9471756,0.81329876,0.32611558,0.8494193,0.7280014,0.44257227,0.5209518,0.42765018,0.85499746,0.49007553,0.4822689
0.7757423,0.9426392,0.46593705,0.094532974,0.77331346,0.16627765,0.7538918,0.6771879,0.5107587,0.49618894,0.98768616,0.38989693,0.9291612,0.70103323,0.26622516,0.9892914,0.27355492,0.09235536
0.83750606,0.94274056,0.6464523,0.059744194,0.98994696,0.63403505,0.87395203,0.96283895,0.7784117,0.020476662,0.9928632,0.54471385,0.107386574,0.96375453,0.9609554,0.9959815,0.19277844,0.6500632
0.76397043,0.7047645,0.39700893,0.7281417,0.94560987,0.86763585,0.92549133,0.88847536,0.8402674,0.73180985,0.6810277,0.8652991,0.6911767,0.40131477,0.09186053,0.7669085,0.6516787,0.19393806
0.35473028,0.76720726,0.5183579,0.17666586,0.38104075,0.18065766,0.7054155,0.70149696,0.23400946,0.35470533,0.89413995,0.6507307,0.7459843,0.6779794,0.7475756,0.94377935,0.11482089,0.13672642
0.94190884,0.9699581,0.53006023,0.30572724,0.9631136,0.6741375,0.9317701,0.8056639,0.829023,0.42938602,0.97979534,0.12336114,0.7237227,0.7224562,0.08541058,0.9808553,0.5434902,0.12390347
0.8698788,0.8559175,0.42810148,0.094212614,0.9308369,0.27360442,0.45925987,0.772975,0.6856981,0.2918817,0.9827629,0.4708393,0.7617292,0.6492651,0.7112383,0.9816901,0.31948903,0.8150895
0.32449,0.83243024,0.7353911,0.1500283,0.9659132,0.48108095,0.6189154,0.8869226,0.63013625,0.024139756,0.97894216,0.8833719,0.030117903,0.98116946,0.99096704,0.9761685,0.2209261,0.7172723
0.8253995,0.9182446,0.46413672,0.319048,0.813086,0.386352,0.83744484,0.72192883,0.57945716,0.5657484,0.95793766,0.28006253,0.82768357,0.5323602,0.2337594,0.9672627,0.2763017,0.20171148
0.7886299,0.7363584,0.48668736,0.36161065,0.7528909,0.57906914,0.7053139,0.6965621,0.6098072,0.4419812,0.7571288,0.2735936,0.6415853,0.48722497,0.33006382,0.8056519,0.45441994,0.44387728
0.7449553,0.709902,0.44940796,0.63651574,0.84302115,0.7632435,0.80370647,0.69614995,0.6726517,0.676095,0.5533887,0.6886573,0.70118725,0.43725902,0.18778048,0.7150643,0.5491051,0.29509404
0.5924085,0.52929384,0.47455028,0.4093125,0.6160512,0.44004112,0.4719684,0.45584396,0.4458915,0.6241829,0.57053417,0.60062647,0.60946447,0.49925068,0.56330806,0.6815161,0.43902153,0.51640064
0.5186835,0.556007,0.51574934,0.49284598,0.5389111,0.50165087,0.49706578,0.49872422,0.45330855,0.52660656,0.4993649,0.55721164,0.57375187,0.51093197,0.5012894,0.5693747,0.4521175,0.47208107
0.99287605,0.93849707,0.4038484,0.0057270657,0.9934877,0.74364084,0.92200077,0.99097925,0.85408735,0.014742357,0.99109924,0.08240035,0.64059144,0.7769147,0.8397253,0.9986679,0.1805202,0.8424164
0.9560311,0.95398927,0.28625655,0.064906366,0.9173849,0.12157973,0.6459883,0.7909971,0.6234333,0.61743724,0.9967023,0.2789389,0.97768426,0.34116966,0.33680302,0.9974683,0.1468076,0.6465933
0.934176,0.9808796,0.6382087,0.11538223,0.9923011,0.8066001,0.88932216,0.83991265,0.64172995,0.060216088,0.9627178,0.658365,0.31778863,0.9627735,0.9203572,0.996987,0.15778188,0.48393166
0.9518405,0.9722115,0.4951523,0.4284961,0.963763,0.82741195,0.926671,0.6309779,0.6676617,0.5868217,0.84098893,0.44641244,0.85511935,0.7016075,0.13559857,0.9781562,0.38576728,0.121315695
0.87777054,0.93073505,0.42753816,0.5045949,0.90242714,0.42409518,0.7722779,0.66046655,0.6099844,0.6744532,0.96272975,0.37566242,0.8013729,0.44413692,0.35314178,0.9737596,0.21353728,0.55537987
0.5453938,0.6590475,0.4614772,0.42545423,0.6107809,0.4651095,0.77312136,0.7504046,0.5305168,0.5733812,0.7668922,0.5959417,0.72391534,0.45855492,0.29564038,0.78910446,0.38645872,0.19405088
0.7434729,0.88789034,0.6149039,0.17210926,0.95576304,0.5923246,0.7851437,0.8715198,0.69237953,0.09233993,0.9639865,0.53448826,0.21789728,0.9015313,0.8586109,0.9742272,0.29934844,0.534899
0.9760687,0.9890313,0.56054217,0.09596094,0.9857599,0.6786751,0.74027115,0.35801196,0.8004755,0.44664222,0.9688401,0.32657102,0.9289054,0.9145073,0.0843441,0.99211556,0.7586429,0.10207415
0.8815763,0.74244034,0.3362334,0.6109521,0.98830044,0.9395398,0.9746382,0.97738075,0.915005,0.5844422,0.792493,0.9301992,0.6743246,0.41267347,0.11801436,0.9136365,0.58839256,0.238231
0.32219198,0.23120664,0.3510483,0.8502881,0.95899665,0.887556,0.9448695,0.9835664,0.93673426,0.70526373,0.7262274,0.98721695,0.3315117,0.33086255,0.13677412,0.44003162,0.7889959,0.2532963
0.9712826,0.022855407,0.117164135,0.04250883,0.972407,0.39667803,0.8059078,0.8670955,0.80174637,0.9692389,0.80858237,0.5098128,0.38665035,0.09452919,0.7214887,0.92260474,0.6732878,0.8440183
0.79163283,0.84529424,0.52678955,0.41787887,0.82960653,0.59229445,0.760361,0.6483588,0.6523111,0.47679013,0.8484908,0.29809475,0.6241467,0.612175,0.26034236,0.8678981,0.49718192,0.2999371
0.9922638,0.94542986,0.3822754,0.07035392,0.96776503,0.87781435,0.8772843,0.82613236,0.5349325,0.1909176,0.61807585,0.19821283,0.9046908,0.52780867,0.572019,0.98980767,0.14971973,0.6868914
0.83505434,0.65980035,0.459427,0.28546238,0.74445546,0.65480065,0.6284161,0.641842,0.47079182,0.39288378,0.47600302,0.3825603,0.66070867,0.46871075,0.59034914,0.8022785,0.32908154,0.6339825
0.94759667,0.98074085,0.51845896,0.3290648,0.9945235,0.81173897,0.98226845,0.9571269,0.94110775,0.3451318,0.9953972,0.3415467,0.5876272,0.8262604,0.06782405,0.99367124,0.6157021,0.0717389
0.579192,0.53628516,0.4771256,0.5805176,0.6603914,0.6264866,0.62362504,0.58814204,0.54012495,0.6187092,0.44783452,0.660706,0.5967499,0.4456217,0.37839112,0.5567497,0.5041964,0.42463234
0.751497,0.33858603,0.46166274,0.14139858,0.7998902,0.50026387,0.5713111,0.6940888,0.5607484,0.39229086,0.6651544,0.39612103,0.29307482,0.60316277,0.7994926,0.7850816,0.49354205,0.6596828
0.9187889,0.6411085,0.45565504,0.067924626,0.9455942,0.61658585,0.7825364,0.84360313,0.6703383,0.2369713,0.87420785,0.27853847,0.33993918,0.71585137,0.79857785,0.959838,0.4015782,0.62362146
0.8539234,0.45351377,0.36790663,0.112643376,0.7502579,0.3823483,0.35509893,0.61886257,0.5055472,0.4760303,0.6994581,0.41140285,0.7501897,0.37776345,0.713961,0.8505551,0.38948846,0.8440484
0.87762946,0.6714473,0.42214158,0.25894782,0.7783522,0.64371485,0.62439597,0.64322096,0.4360922,0.42763612,0.4850797,0.40236035,0.7105022,0.41637048,0.66650593,0.86099225,0.25192255,0.72631633
0.96575814,0.9666432,0.35128018,0.7487883,0.9913178,0.972108,0.9839807,0.7985378,0.74788725,0.8582109,0.42368442,0.96311224,0.94946235,0.5260715,0.050587226,0.9759926,0.38985047,0.049740665
0.88271284,0.7275364,0.21722434,0.17438333,0.76632816,0.07177205,0.06792416,0.3349299,0.30021334,0.82319885,0.9476578,0.8196856,0.97827655,0.13904507,0.8884398,0.9800845,0.075383335,0.9902015
0.93644524,0.73098576,0.40446797,0.15582126,0.8308395,0.72177136,0.74414843,0.82329595,0.52632475,0.2568816,0.5705315,0.22685221,0.7591108,0.38238025,0.5856169,0.9078389,0.24082224,0.7312735
0.5770418,0.9810347,0.46667662,0.0038409454,0.8997599,0.09459798,0.768894,0.6594578,0.2897466,0.32222292,0.99337304,0.992939,0.99498236,0.9766939,0.51381433,0.9995645,0.21772882,0.0021877228
0.96837837,0.53277975,0.14910226,0.3162027,0.87259513,0.6490863,0.7132199,0.92976695,0.3943396,0.66843915,0.511296,0.7365746,0.95324904,0.032331783,0.8302247,0.96331114,0.028793637,0.98573166
0.9138321,0.19774024,0.19787137,0.0037968087,0.6491604,0.08881623,0.30851814,0.86943436,0.31527936,0.3547911,0.90381867,0.43829846,0.9245677,0.23290484,0.94554454,0.98235273,0.124742724,0.9064502
0.7931995,0.6544565,0.45307013,0.36926943,0.6912337,0.620216,0.5433831,0.55514044,0.3867328,0.45289025,0.40084103,0.5081813,0.69223833,0.43210745,0.6780899,0.7821496,0.25413543,0.71748763
0.89421576,0.5957742,0.18740419,0.0035308932,0.891933,0.0065441392,0.0028038,0.31284037,0.5999926,0.55425537,0.9983903,0.88209045,0.9937483,0.3767814,0.9354711,0.99442834,0.40639445,0.9979191
0.9648927,0.9781218,0.13762099,0.7922823,0.98395824,0.3952538,0.9722131,0.92806137,0.7469239,0.9809364,0.99616873,0.9152066,0.9933767,0.053824034,0.059281964,0.9987725,0.047534063,0.42596972
0.8855599,0.41739526,0.18172577,0.0026068091,0.8682781,0.0077856067,0.051295236,0.103732705,0.18784246,0.9457696,0.99045557,0.93567723,0.97687536,0.6150334,0.97205776,0.99848264,0.20292743,0.7998652
0.95580024,0.9863413,0.59415126,0.1388964,0.9919304,0.7204086,0.9548861,0.91717684,0.85919064,0.13088444,0.99485403,0.20254214,0.47320336,0.9159911,0.37459233,0.9969268,0.37592474,0.18762611
0.45269743,0.69805807,0.35097948,0.2745856,0.6557108,0.33881867,0.6002071,0.560333,0.2836928,0.7819053,0.63535535,0.9853653,0.96244615,0.513701,0.52689064,0.9315117,0.2059577,0.14581455
0.34967634,0.62523335,0.578296,0.35158268,0.6961281,0.42026246,0.5903306,0.7191497,0.47753388,0.26530674,0.81152225,0.75280595,0.31616136,0.76753354,0.8143909,0.81040204,0.3207887,0.43646523
0.50648904,0.4678809,0.43365413,0.6143727,0.61110556,0.4341884,0.51902384,0.61870277,0.5207088,0.68108493,0.6568909,0.67023647,0.5806063,0.33222654,0.5180971,0.611343,0.385168,0.6584677
0.2993122,0.4459848,0.34148288,0.011998027,0.31381908,0.0071063093,0.05303175,0.21925928,0.18618824,0.74710923,0.98656034,0.9045337,0.96243465,0.6703257,0.8950435,0.9793527,0.2647776,0.44025266
0.54650855,0.7087859,0.23804103,0.4502054,0.70753676,0.14377187,0.34500542,0.4660044,0.28848243,0.9307421,0.8753879,0.98788476,0.98230785,0.21022122,0.6270473,0.9634834,0.10455534,0.6629133
0.43978775,0.9178168,0.45307583,0.008897396,0.60895824,0.013933353,0.022289084,0.057473823,0.10703652,0.5329584,0.9801761,0.9864231,0.9917283,0.93139064,0.94799006,0.9962702,0.17078623,0.42537633
0.9734471,0.9701449,0.5476668,0.06334828,0.99053603,0.8589054,0.88551754,0.8847909,0.56110364,0.048264,0.8933077,0.55361193,0.49247155,0.91409135,0.94209135,0.99701124,0.09596842,0.7113534
0.9736267,0.42628962,0.31464565,0.047251966,0.9754487,0.393856,0.8402567,0.5967056,0.7845806,0.8840772,0.9549847,0.12406385,0.3747367,0.5617359,0.45092773,0.9764376,0.7394719,0.34137988
0.9389128,0.026726674,0.06650939,0.009727015,0.9399925,0.014290395,0.41889042,0.5947891,0.4694381,0.9954243,0.9910466,0.83655524,0.80910325,0.07877622,0.95046014,0.99570256,0.24295698,0.8985146
0.9326757,0.8037869,0.37673187,0.64230156,0.9760414,0.94221264,0.91762286,0.58396816,0.66427845,0.85432875,0.213709,0.93174076,0.80264246,0.53238827,0.20355608,0.8869326,0.5381965,0.19241965
0.5634684,0.36680332,0.42818165,0.47566006,0.7755221,0.6827691,0.7150386,0.87976485,0.68345004,0.42343447,0.57260853,0.75152093,0.4579004,0.38981235,0.51251024,0.5839061,0.4857505,0.60671943
0.74619627,0.8472375,0.25608778,0.3715836,0.86238015,0.5035749,0.9404308,0.90223306,0.48040992,0.8424895,0.88000906,0.9684772,0.97738004,0.2731754,0.20915538,0.9836502,0.11925276,0.079601035
0.87634313,0.798348,0.34407324,0.861061,0.9848873,0.97664315,0.94304067,0.7613895,0.7608362,0.8746589,0.11778694,0.99307907,0.8745774,0.45198202,0.114444666,0.80392927,0.5777789,0.17012616
0.45180786,0.6929618,0.38329414,0.16420859,0.47892454,0.059958253,0.10854122,0.24606304,0.26062682,0.7422904,0.9271273,0.89067364,0.94731814,0.49530467,0.7660506,0.9365627,0.21984503,0.70475227
0.88249654,0.4379387,0.24664652,0.44537187,0.80863273,0.7001388,0.72764075,0.8922522,0.53558123,0.6442114,0.4347976,0.73374164,0.8610036,0.09376002,0.57693326,0.82504946,0.1573208,0.8977302
0.5790843,0.326338,0.32137927,0.8333684,0.86550546,0.84112895,0.91563016,0.9350749,0.88565207,0.85191244,0.5518192,0.88436234,0.70316887,0.15634094,0.035992503,0.36051866,0.78944796,0.2066289
0.9052075,0.32246605,0.33028847,0.136263,0.8643125,0.4186108,0.55325097,0.47309205,0.46556833,0.7941592,0.6421248,0.41816762,0.5076364,0.39321634,0.8062623,0.8999117,0.38489214,0.76358885
0.8190272,0.856875,0.55371505,0.17314692,0.9331044,0.6066723,0.79416656,0.8729892,0.6901519,0.13722046,0.9415434,0.37492236,0.36222443,0.79648095,0.7313537,0.9617804,0.32111555,0.54484934
0.52611566,0.3211934,0.3603802,0.8197215,0.7957515,0.8267532,0.8288581,0.8447104,0.7678456,0.8193687,0.3074922,0.91325235,0.6752806,0.21282555,0.11193968,0.32273358,0.688999,0.31444946
0.6232245,0.692703,0.38202307,0.10000806,0.74389404,0.041673653,0.02975868,0.16613333,0.6216232,0.77098554,0.9841956,0.7856192,0.9530961,0.5599258,0.47726107,0.9157654,0.7115043,0.8711835
0.8933486,0.59069604,0.45084563,0.07112566,0.9072877,0.6409977,0.7065157,0.8862481,0.5733114,0.12791485,0.77086765,0.35157916,0.3769587,0.6456476,0.8979387,0.94315434,0.2471533,0.8133079
0.60703987,0.4453688,0.37817433,0.11494132,0.6094423,0.107207425,0.24273783,0.31792882,0.33966932,0.77639645,0.87993777,0.71246755,0.7877456,0.51538503,0.7856148,0.9114799,0.349534,0.60441417
0.9876423,0.9401646,0.34795523,0.17239197,0.99555266,0.960108,0.9753058,0.97096884,0.80894697,0.21539187,0.77270895,0.76673996,0.8022406,0.6037206,0.48190942,0.9932098,0.20685397,0.5096969
0.82136494,0.45882902,0.31331474,0.49495792,0.96883684,0.9132095,0.9431907,0.9808328,0.8693751,0.45343545,0.62296706,0.9228509,0.59674346,0.3026636,0.30248585,0.81771505,0.49768522,0.51503897
0.47502944,0.47412303,0.4792088,0.58059824,0.63067275,0.50989044,0.5531163,0.6448732,0.55429775,0.5756593,0.60865915,0.6651026,0.49725893,0.4374929,0.50189865,0.55920804,0.4646939,0.5607634
0.72222054,0.44765785,0.39004713,0.08676595,0.8158922,0.27160317,0.49300823,0.4649478,0.5509663,0.7577031,0.8392934,0.74492544,0.75461257,0.6433169,0.5135873,0.9025594,0.6420121,0.2522726
0.7405532,0.44389942,0.33003703,0.69738185,0.8807846,0.8375274,0.9059094,0.92727846,0.8447226,0.7550776,0.56718165,0.78761,0.73753405,0.19056074,0.07002018,0.55986917,0.679612,0.29564232
0.8355898,0.644849,0.3520035,0.21958181,0.8729029,0.6948294,0.80954814,0.8712808,0.7046182,0.5317384,0.696832,0.7562124,0.8817645,0.38964638,0.20933102,0.87329817,0.51579875,0.29558885
0.56401575,0.5587409,0.4604933,0.55841106,0.53449124,0.40932682,0.44560462,0.50600797,0.423896,0.61907434,0.60408545,0.54008824,0.63190657,0.36215323,0.5788254,0.64760286,0.31800264,0.6931508
0.4215423,0.5103404,0.45938912,0.3572038,0.46111998,0.33776438,0.5332837,0.569513,0.36717945,0.59835035,0.62449026,0.74369836,0.720886,0.48296213,0.56755203,0.7235928,0.33109143,0.32938746
0.26773342,0.41889814,0.417888,0.45665494,0.47377783,0.40906498,0.79519665,0.85664785,0.46399748,0.6024061,0.68711954,0.88933015,0.7149798,0.39659074,0.42283556,0.7060062,0.3060347,0.14843406
0.72222054,0.44765785,0.39004713,0.08676595,0.8158922,0.27160317,0.49300823,0.4649478,0.5509663,0.7577031,0.8392934,0.74492544,0.75461257,0.6433169,0.5135873,0.9025594,0.6420121,0.2522726
0.9065689,0.5159326,0.4053496,0.05085198,0.85824555,0.65427953,0.6878238,0.95511436,0.5503052,0.05651309,0.72556764,0.26785243,0.46563014,0.46798432,0.9282494,0.9347528,0.14592817,0.9262221
0.96482915,0.65821606,0.3423034,0.111951515,0.9381574,0.60850286,0.77891284,0.6734277,0.585863,0.64821863,0.7719102,0.2653079,0.67293596,0.43991858,0.6110368,0.9632937,0.3522599,0.6390997
0.9848848,0.718191,0.27766204,0.022645792,0.9742364,0.61573887,0.8873532,0.5597511,0.34118095,0.7766025,0.67615086,0.6619453,0.82939184,0.6520524,0.84837735,0.99609196,0.17684925,0.2788422
