0,1,2,3,4,5,6,7,8
0.62933534,0.466204,0.45697892,0.45856354,0.5659456,0.42306992,0.5333178,0.34914115,0.40561047
0.5762629,0.5575003,0.45407155,0.48401386,0.52164096,0.4814774,0.5234872,0.4523574,0.50596493
0.73415464,0.6658876,0.359632,0.36938137,0.6339849,0.485505,0.56782573,0.3761339,0.44187185
0.7033711,0.64218026,0.3801272,0.39265898,0.6107608,0.48517042,0.5587349,0.39327458,0.4564804
0.64339787,0.45880035,0.453954,0.45013398,0.57720053,0.4148566,0.5361439,0.33256724,0.390367
0.8779895,0.6207863,0.34360155,0.17991538,0.780843,0.5615884,0.6728739,0.42369598,0.47660127
0.7918111,0.69873047,0.3267209,0.3162271,0.6824267,0.492154,0.59095025,0.35302594,0.42148829
0.6991266,0.6470262,0.37902957,0.39936826,0.6070721,0.48151937,0.55491567,0.38889453,0.4539828
0.761877,0.6834938,0.34297347,0.3454513,0.6563945,0.4876501,0.5778562,0.3635703,0.43092945
0.79281104,0.59282345,0.38660216,0.27413663,0.6950577,0.5329252,0.6196338,0.43788767,0.49040684
0.52190584,0.521867,0.47884125,0.5202413,0.48286593,0.48409653,0.51254797,0.47891042,0.5210169
0.7348248,0.66448176,0.36030236,0.36800954,0.6347373,0.48626548,0.56856763,0.37730673,0.4428219
0.5865496,0.5529365,0.45467183,0.472166,0.5298634,0.4856958,0.5290359,0.45638353,0.50897104
0.7332867,0.6714666,0.3565895,0.3728403,0.63256305,0.4830245,0.56579524,0.37156788,0.43816683
0.5753726,0.555937,0.45512834,0.48419943,0.5211628,0.48180145,0.5235078,0.4535112,0.50688946
0.6759797,0.5829505,0.41974697,0.3961214,0.5954196,0.49894646,0.56115645,0.43805993,0.49295083
0.55698127,0.5530803,0.4656816,0.5006881,0.5106498,0.47461027,0.5137584,0.45285812,0.5129959
0.78354144,0.6750036,0.3426614,0.31617352,0.6773917,0.49867645,0.59271055,0.37193254,0.43735665
0.5747289,0.49410865,0.4683631,0.49038655,0.52317107,0.4542535,0.52268934,0.41440207,0.46425158
0.7295307,0.5650532,0.4179595,0.33321047,0.64158744,0.5212009,0.5917587,0.45506498,0.5053822
0.52452916,0.51938874,0.47846425,0.518768,0.4848255,0.4823913,0.513171,0.47531733,0.51756024
0.53545445,0.52789307,0.47452766,0.51269376,0.4934244,0.47919047,0.5136826,0.46679568,0.5143404
0.79694206,0.69659895,0.3266665,0.30897388,0.6876232,0.4949767,0.5947216,0.35515216,0.42314005
0.5316027,0.5154927,0.47709614,0.51480085,0.49017915,0.47837025,0.51454306,0.46658778,0.5098855
0.55823034,0.5023396,0.4717219,0.49978286,0.51048297,0.46351522,0.5195556,0.4343236,0.4817839
0.65109116,0.61592335,0.41069672,0.43575928,0.5741506,0.47699213,0.53874296,0.40942207,0.47602445
0.9255973,0.69142616,0.2833432,0.13033845,0.8365706,0.5681119,0.7046937,0.372858,0.4332993
0.5509595,0.5059454,0.47319412,0.5038998,0.5049191,0.46758106,0.5181823,0.4431224,0.48948142
0.5736319,0.4946583,0.4685873,0.49101394,0.5223245,0.4548711,0.52248013,0.41572455,0.46542013
0.57559425,0.49367487,0.46818617,0.48989138,0.5238392,0.4537661,0.5228545,0.41335917,0.4633295
0.7433366,0.5935591,0.39876673,0.32937837,0.65031636,0.5154515,0.5917733,0.43387833,0.48832613
0.6345147,0.5969223,0.42028338,0.44403538,0.561122,0.48255855,0.53862745,0.42497435,0.4832577
0.72737634,0.63346297,0.3798813,0.36289877,0.63202554,0.49574864,0.573132,0.40159604,0.46276373
0.77412504,0.6741344,0.345501,0.32700244,0.66872317,0.49563456,0.5874492,0.37199834,0.4376245
0.6248812,0.52467656,0.4630531,0.42304713,0.5621744,0.5055185,0.55276036,0.4800245,0.52687275
0.7000772,0.6345079,0.3852588,0.39283022,0.6089565,0.48708114,0.5591892,0.3991599,0.4613191
0.69769734,0.6457084,0.37967917,0.40030015,0.6058356,0.4818908,0.5547957,0.39001054,0.4544075
0.6027457,0.58414716,0.43999416,0.4700277,0.54153997,0.47469965,0.5248869,0.4310238,0.4959143
0.52999884,0.5290646,0.4758136,0.5157509,0.48924816,0.4819151,0.5128262,0.47290766,0.51917434
0.55834496,0.5022827,0.47169858,0.4997179,0.5105708,0.46345103,0.5195773,0.43418497,0.48166242
0.67789656,0.6337368,0.39374253,0.41598505,0.5926903,0.47863844,0.5470042,0.39731812,0.46433648
0.6753821,0.62222075,0.3975137,0.4134517,0.5903041,0.48452967,0.5506478,0.40744504,0.46847048
0.60183614,0.57498187,0.43920714,0.46678776,0.538753,0.48183805,0.5299684,0.44022918,0.49595127
0.64528716,0.45779735,0.45354387,0.44899258,0.57872134,0.41374597,0.53652704,0.3303495,0.3883149
0.62518394,0.5894044,0.42642197,0.45006493,0.55482477,0.4827856,0.5364426,0.43030846,0.48767292
0.76909894,0.6699342,0.3491612,0.33113343,0.6645982,0.49552357,0.5857379,0.37507042,0.4402641
0.6604723,0.5890989,0.41949096,0.41452774,0.5823551,0.49241316,0.5523934,0.4324377,0.4887587
0.57346684,0.49474096,0.46862105,0.49110824,0.52219725,0.45496395,0.5224487,0.41592354,0.4655959
0.5700704,0.56474704,0.4607345,0.49331668,0.52111095,0.47104022,0.51421434,0.44310063,0.5099717
0.6988891,0.6459792,0.37887985,0.3991358,0.6065846,0.4824092,0.55550617,0.39000234,0.45390147
0.67347705,0.62926143,0.39528808,0.4185572,0.5886661,0.48040047,0.54713553,0.4012955,0.46527365
0.5754864,0.56957877,0.45867923,0.49025172,0.52545667,0.46955636,0.51440406,0.43905506,0.50871366
0.6504243,0.6160361,0.41157892,0.43650818,0.5740339,0.47622016,0.53799546,0.40901095,0.47667736
0.6528576,0.45375738,0.4518913,0.44439664,0.58483726,0.40927753,0.5380714,0.3214855,0.38008252
0.6638437,0.60219175,0.41135284,0.41667506,0.58347934,0.48862576,0.5505491,0.4224583,0.48073527
0.8051161,0.6556222,0.348106,0.28246698,0.7002203,0.51441884,0.6111528,0.38917226,0.45095736
0.8272583,0.60347736,0.37073016,0.23765679,0.7275551,0.5429119,0.6388021,0.43233114,0.48510018
0.78052646,0.6717868,0.34527826,0.3184301,0.674943,0.49885145,0.5918249,0.37433863,0.43940616
0.710897,0.59294945,0.40655953,0.3638981,0.622795,0.5055415,0.5753816,0.43233636,0.48774835
0.54705226,0.51478565,0.47311836,0.50613385,0.5020901,0.47119084,0.51668215,0.4501977,0.49771634
0.5221414,0.52013665,0.4789967,0.5201031,0.48300815,0.4836305,0.51277095,0.4780712,0.5198107
0.7480992,0.6572155,0.36149582,0.34990066,0.64722896,0.4933678,0.57762164,0.38396528,0.44800562
0.5379506,0.5123692,0.47581887,0.5112346,0.49500218,0.4748368,0.51573414,0.4588873,0.5032086
0.5207351,0.5208259,0.47927898,0.5208901,0.481944,0.48441187,0.51250774,0.47977853,0.52128315
0.55619085,0.5033523,0.47213528,0.5009391,0.50892067,0.4646566,0.51917,0.43679067,0.48394492
0.6434005,0.5904731,0.4221817,0.4323532,0.5687929,0.48726204,0.5442833,0.4304471,0.4874718
0.77867305,0.6485985,0.3590458,0.3111843,0.67587197,0.50716376,0.59703684,0.39288563,0.4546105
0.7061546,0.5712434,0.4198161,0.36016074,0.6213147,0.5118694,0.57854944,0.44885585,0.50094026
0.67572266,0.4413318,0.44679877,0.4302782,0.6035373,0.39558637,0.5428321,0.2949512,0.35512874
0.54086727,0.5387337,0.4717409,0.5097023,0.4978445,0.4789798,0.5132006,0.46484,0.5166932
0.6151341,0.47357917,0.45998934,0.46696743,0.55468875,0.43127763,0.5305062,0.36598793,0.4209475
0.8613617,0.67951626,0.31748414,0.21930842,0.7564346,0.5303017,0.64446,0.37458333,0.43742627
0.58221596,0.4903479,0.46682912,0.48609427,0.52896065,0.45003095,0.52412087,0.40538624,0.456266
0.76098526,0.67862463,0.3460382,0.34435076,0.656179,0.48929232,0.57873845,0.367485,0.43418822
0.7409795,0.6354062,0.37566873,0.34871536,0.64353925,0.49933815,0.5796985,0.40089852,0.46192423
0.6915102,0.6251732,0.39244574,0.39786425,0.60303,0.48805177,0.55752885,0.4060286,0.46703306
0.6582725,0.5966824,0.4156325,0.41999292,0.57972175,0.4890787,0.5494221,0.42643592,0.48401278
0.5356032,0.53405005,0.47371462,0.51263463,0.49367717,0.48040244,0.51301914,0.46874857,0.517896
0.7263048,0.6410088,0.3757938,0.36727217,0.6302201,0.4925794,0.570564,0.395553,0.457888
0.6493359,0.6106798,0.40944692,0.43511635,0.57101613,0.48155785,0.5416858,0.41505915,0.4750593
0.67134476,0.5952158,0.41377068,0.40602082,0.590278,0.4932397,0.5558381,0.42829505,0.48526374
0.7168782,0.61064374,0.3952261,0.36476412,0.6257751,0.50094086,0.5738024,0.418904,0.47690457
0.5636463,0.49964556,0.47062227,0.49670714,0.51463807,0.46048072,0.5205814,0.42777663,0.47603852
0.86906314,0.5942522,0.36141956,0.18420294,0.7728877,0.56617564,0.6716562,0.44358346,0.49273723
0.7784221,0.63863486,0.36476684,0.30755177,0.6767528,0.51084566,0.5995276,0.40081188,0.46104348
0.77312964,0.6873577,0.33802316,0.33387494,0.66622275,0.48999825,0.58314556,0.36113814,0.42866686
0.70886594,0.5564704,0.4274831,0.35151994,0.62520856,0.5178937,0.5835694,0.4603983,0.5099877
0.5779756,0.52697694,0.47025654,0.4708827,0.5264316,0.49011552,0.5310624,0.47165972,0.5208997
0.6783628,0.43987346,0.4461999,0.428623,0.6057203,0.3939848,0.54339206,0.29191226,0.35223913
0.7078079,0.64757824,0.3760509,0.3902578,0.6138023,0.4844464,0.5594586,0.38924083,0.4531127
0.6677893,0.62561584,0.39903602,0.42285302,0.584803,0.4798359,0.5452114,0.40368125,0.4678798
0.7425184,0.6555129,0.36376598,0.3554715,0.64252275,0.4922029,0.57509965,0.38498098,0.44895113
0.773162,0.66642255,0.35020146,0.3248948,0.66873986,0.49832496,0.58902913,0.37818253,0.4427297
0.73491305,0.6390104,0.37499943,0.35694337,0.6378544,0.4960411,0.575553,0.39766398,0.4594281
0.7476199,0.6427413,0.36993092,0.34434438,0.6485052,0.49873674,0.58127904,0.39549592,0.45740813
0.7615412,0.6714477,0.35009378,0.3405891,0.65754485,0.49232268,0.5810612,0.37335002,0.43901354
0.7864076,0.68570215,0.33572212,0.3172263,0.67883694,0.49545476,0.5914168,0.3633924,0.43023545
0.8315943,0.7165542,0.30553567,0.27293658,0.7201497,0.5008376,0.61177653,0.3410766,0.41046393
0.6564227,0.57232547,0.42981642,0.41156265,0.581123,0.49728182,0.55484074,0.44517627,0.49894103
0.63881403,0.55150956,0.44514772,0.42047125,0.5697969,0.4998487,0.55218184,0.4602246,0.51111937
0.61598146,0.5903141,0.43001568,0.45961678,0.54885846,0.47850373,0.5309978,0.42830876,0.48896185
0.64217687,0.6018611,0.4159327,0.43849942,0.56648064,0.4828271,0.5407684,0.42154494,0.48038346
0.607364,0.58480966,0.43527946,0.4657061,0.5431851,0.4779413,0.5284471,0.43196297,0.49253193
0.8220005,0.7109797,0.31152448,0.28324512,0.7108563,0.4990579,0.60677856,0.3450169,0.4140343
0.65213245,0.61668926,0.410114,0.43503955,0.5749112,0.47694796,0.5389787,0.40885496,0.47563183
0.7464402,0.65272903,0.3644692,0.34986663,0.64629674,0.49454802,0.5779528,0.38745463,0.45088953
0.70467204,0.6306796,0.38647413,0.38626847,0.6132231,0.4898716,0.5624665,0.40244687,0.46389288
0.6041929,0.55095935,0.45235303,0.4542344,0.54337347,0.4909235,0.53712505,0.45881164,0.51059204
0.60977626,0.5841635,0.43243444,0.46298808,0.54367685,0.48062587,0.5310448,0.4335572,0.49051884
0.8232486,0.7201984,0.305728,0.28550914,0.7110483,0.49565303,0.60489714,0.33733463,0.40753293
0.5211169,0.5211654,0.47913623,0.5206785,0.48224458,0.48430905,0.51252085,0.47949547,0.52119637
0.6458533,0.60342497,0.4143015,0.43547595,0.5691619,0.48325247,0.5420158,0.42052487,0.4795032
0.7048548,0.627666,0.38816327,0.38477945,0.61373335,0.49104753,0.5633589,0.4048329,0.4658175
0.6787435,0.5769606,0.42254385,0.39080778,0.59833044,0.5018654,0.5639794,0.44284594,0.49669638
0.69429654,0.61413157,0.39816922,0.39020002,0.6066223,0.49293053,0.56178725,0.41484886,0.47408202
0.59673977,0.577154,0.44098333,0.47274035,0.53569156,0.47841093,0.5261928,0.43757793,0.4963146
0.6206141,0.5964917,0.42986515,0.45784682,0.5538768,0.4746278,0.5292538,0.42225042,0.48913288
0.75572604,0.66062546,0.35774282,0.3426661,0.6536028,0.49458185,0.5808348,0.38171118,0.4460011
0.538199,0.51224685,0.47576883,0.51109475,0.49519116,0.4746984,0.5157808,0.45858604,0.502947
0.6494803,0.61300707,0.41013706,0.43604448,0.57191336,0.47935563,0.5400893,0.41252092,0.47547883
0.83254236,0.7232562,0.3013024,0.27446434,0.7203625,0.49837074,0.61045295,0.33546868,0.40570602
0.79767185,0.690188,0.33022907,0.3053584,0.6890866,0.49787563,0.5970079,0.3604981,0.427569
0.66499096,0.62327063,0.4004015,0.42469007,0.58256763,0.4803065,0.5448256,0.40556845,0.46878034
0.5345026,0.5330709,0.474127,0.5132471,0.49280676,0.48069966,0.5129812,0.4695655,0.5181472
0.5547432,0.5040705,0.4724285,0.5017591,0.5078125,0.4654663,0.5188964,0.43854234,0.485478
0.70045954,0.62158924,0.39258942,0.38686126,0.6108127,0.4919957,0.5628152,0.4093574,0.46954972
0.6529743,0.45369485,0.45186573,0.44432554,0.58493185,0.40920845,0.5380953,0.32134917,0.37995556
0.72323495,0.64513993,0.37409768,0.37241188,0.6271092,0.4900638,0.5678792,0.39208612,0.45513117
0.60134286,0.48065522,0.46287596,0.47503582,0.5438518,0.43917602,0.5278109,0.38244072,0.43578482
0.58530855,0.48878935,0.46619347,0.48431566,0.53135824,0.44828278,0.5247142,0.40166742,0.45296225
0.76883054,0.67774206,0.34468654,0.33478457,0.66342473,0.49234453,0.5834066,0.36871272,0.43503216
0.6672649,0.62516874,0.39928606,0.4231942,0.58437914,0.47993404,0.5451463,0.4040447,0.46804392
0.7697452,0.61948913,0.37776157,0.3100863,0.67091304,0.51489806,0.5995449,0.41535348,0.47295693
0.7308924,0.6196195,0.3869732,0.35330775,0.6366424,0.50199056,0.57859063,0.41272253,0.4716656
0.8973411,0.6931047,0.29617542,0.17315832,0.7981412,0.5458679,0.6728043,0.36732674,0.43012246
0.7538905,0.6506992,0.36389452,0.34057838,0.65313077,0.49778658,0.58253205,0.38955155,0.45244256
0.5839825,0.51055974,0.47502393,0.46493626,0.53248435,0.48612022,0.53369373,0.46563196,0.5151325
0.56336135,0.55362874,0.45900622,0.49470854,0.5126559,0.4794053,0.5188752,0.45457667,0.5082384
0.7312767,0.59031117,0.40341997,0.34113574,0.64028573,0.51276505,0.5863222,0.435635,0.48996994
0.7650515,0.669942,0.35013175,0.33586264,0.66090596,0.49411768,0.5834464,0.3747977,0.4401285
0.7667939,0.66957617,0.34992546,0.33367556,0.66253525,0.49486315,0.5845304,0.37520817,0.44042793
0.8117359,0.6346024,0.35808712,0.26674414,0.70894355,0.5250259,0.6208453,0.4064914,0.4648218
0.53796715,0.51236105,0.47581553,0.5112252,0.4950148,0.4748275,0.5157373,0.4588672,0.5031911
0.56360906,0.5588984,0.46310687,0.4969207,0.5158871,0.47291684,0.51407266,0.44803107,0.5114111
0.7774313,0.5931646,0.39051387,0.29161593,0.6807507,0.5271758,0.61056507,0.4364961,0.4896636
0.68683916,0.6241107,0.39404038,0.40231642,0.5993457,0.48709556,0.5555717,0.40659988,0.4675802
0.6345743,0.60346276,0.41955453,0.44690475,0.5619481,0.47817588,0.5354093,0.41882536,0.48193944
0.52283144,0.5197984,0.4788582,0.5197169,0.4835305,0.48324707,0.51290005,0.47723356,0.5190879
0.52450037,0.52417433,0.47787097,0.5188028,0.48491037,0.4833975,0.51263714,0.47698635,0.52042663
0.7136349,0.63204026,0.38374543,0.37722585,0.6205488,0.49205443,0.5665494,0.40189725,0.4632768
0.80270165,0.59860104,0.3806588,0.26480615,0.7038633,0.5346307,0.6242088,0.43413725,0.48718366
0.6406633,0.53582495,0.45359457,0.41214558,0.5730418,0.5058372,0.55695033,0.47234523,0.52059895
0.6339962,0.46376184,0.4559815,0.45578218,0.5696635,0.42035776,0.53424954,0.34363532,0.4005643
0.7510341,0.5782663,0.40545917,0.31520465,0.6587024,0.52343845,0.59969074,0.44624844,0.49797636
0.81161267,0.62787753,0.36187616,0.26450887,0.7095197,0.52747864,0.6224823,0.4118174,0.46911293
0.76335627,0.61649317,0.381038,0.31613916,0.6654715,0.5137902,0.5967438,0.4172741,0.47463912
0.6445705,0.45817804,0.45369953,0.44942576,0.5781443,0.41416746,0.5363816,0.3311904,0.38909334
0.54662776,0.5080882,0.47406936,0.50634634,0.5016118,0.46999955,0.5173659,0.44836903,0.49405885
0.6186542,0.566489,0.44072598,0.44668496,0.55253947,0.4892224,0.5394676,0.44764283,0.5015413
0.5293042,0.5284468,0.4760736,0.51613665,0.4886998,0.48210245,0.5128023,0.473423,0.51933265
0.74547434,0.585091,0.4029953,0.32380563,0.6531051,0.5191821,0.5950331,0.44059458,0.49361557
0.65609986,0.59925324,0.4146114,0.42330274,0.5777025,0.4875534,0.5477596,0.42432064,0.48236126
0.6793226,0.43934196,0.44598162,0.4280199,0.60651517,0.39340138,0.5435962,0.29080877,0.35118818
0.62591594,0.57056504,0.4369781,0.44126126,0.5576217,0.48969224,0.5416186,0.44488886,0.4992401
0.63900447,0.4611248,0.45490408,0.45277977,0.5736722,0.41743246,0.53525615,0.33773282,0.3951352
0.7776716,0.61668223,0.37732348,0.30001295,0.6784628,0.51873046,0.6047777,0.41811374,0.4749916
0.86670756,0.6684836,0.32176918,0.20855695,0.76355803,0.53744876,0.65167123,0.38415322,0.445084
0.61536264,0.4734612,0.4599412,0.466833,0.554869,0.43114617,0.5305511,0.36571607,0.42070118
0.6137937,0.5770116,0.435717,0.45596117,0.54758626,0.48422015,0.534643,0.43928504,0.4950031
0.7616685,0.6665074,0.3529315,0.33832645,0.6582476,0.49430358,0.58250284,0.37735444,0.44230244
0.55793184,0.49297062,0.4806746,0.49636474,0.51324755,0.4639934,0.5198571,0.4396193,0.49027804
0.58647835,0.45358247,0.49346244,0.46601072,0.53973836,0.4606158,0.53240544,0.4324221,0.48534063
0.69866484,0.5832574,0.41471398,0.37280083,0.61378413,0.5053758,0.5718685,0.43912688,0.49337864
0.57482797,0.56340593,0.45427316,0.48801127,0.52156013,0.4768715,0.51972955,0.4465941,0.5052752
0.7271958,0.61607194,0.38982752,0.35587344,0.6338887,0.50213665,0.5776166,0.41527954,0.47379383
0.60470665,0.4789366,0.46217498,0.47307572,0.54648685,0.4372556,0.52846533,0.37842008,0.43217123
0.733464,0.56384265,0.4177129,0.32858822,0.6450696,0.5228656,0.59407026,0.45624733,0.50623435
0.6928247,0.60226816,0.40523246,0.38674316,0.6068081,0.49682584,0.5641713,0.4240264,0.48146248
0.5467248,0.54394716,0.46954167,0.5064326,0.50249064,0.47739416,0.51340294,0.46048775,0.5153521
0.53774834,0.5359586,0.47291058,0.51144034,0.4953745,0.47982293,0.513093,0.46715602,0.51740605
0.6105671,0.5921548,0.43777117,0.46595386,0.548513,0.4712739,0.52424866,0.42387423,0.4946686
0.5743872,0.49427992,0.468433,0.49058202,0.5229074,0.45444584,0.52262414,0.41481394,0.46461555
0.6170573,0.47258586,0.459584,0.4658352,0.5562072,0.43017074,0.5308847,0.36370045,0.41887385
0.85014826,0.62005717,0.35422176,0.21499409,0.7498124,0.5473053,0.6509124,0.42136243,0.4756776
0.80857044,0.63234943,0.3602434,0.26973036,0.7060736,0.5245952,0.6194049,0.40803173,0.4661445
0.6416545,0.56616616,0.43630785,0.42378,0.570295,0.49544826,0.5497373,0.4491162,0.5023139
0.6164243,0.472913,0.4597175,0.4662081,0.5557072,0.43053526,0.53076,0.36445323,0.41955653
0.55888605,0.5020138,0.47158888,0.49941093,0.51098555,0.4631481,0.5196796,0.4335306,0.48108885
0.55772966,0.5297346,0.4713547,0.49391234,0.51096165,0.47985154,0.52028406,0.4614816,0.5128887
0.5616367,0.50064605,0.4710306,0.49784935,0.51309514,0.46160737,0.5202005,0.43020517,0.47817153
0.7116086,0.58011127,0.4136236,0.35798484,0.62484187,0.51035345,0.5789958,0.44233164,0.49567285
0.8026784,0.60415024,0.37759238,0.26674294,0.7032759,0.53262013,0.6228223,0.429796,0.48372862
0.62495124,0.56836444,0.43841577,0.44127846,0.55714023,0.49021664,0.5417558,0.4465319,0.5005565
0.6418739,0.6080725,0.41491252,0.4415794,0.5667799,0.47882003,0.5377428,0.41581628,0.47875488
0.6359516,0.569924,0.43533456,0.43104178,0.56543326,0.4925877,0.5462317,0.44591668,0.4998824
0.7075061,0.6342161,0.3838301,0.384756,0.6151603,0.4893961,0.5629196,0.3998193,0.46171263
0.6832896,0.60294235,0.40687776,0.39696294,0.59897506,0.4938302,0.55944496,0.42295706,0.4807836
0.5207351,0.5208259,0.47927898,0.5208901,0.481944,0.48441187,0.51250774,0.47977853,0.52128315
0.60495776,0.5604606,0.44683248,0.45752576,0.54283446,0.4877803,0.5350394,0.45156026,0.50486475
0.64525354,0.6115973,0.4139186,0.43976137,0.5698742,0.47729304,0.5374676,0.412644,0.47818866
0.54514515,0.5088206,0.47436857,0.5071827,0.50048095,0.47082672,0.51708674,0.45016548,0.49562404
0.73400056,0.59469396,0.40032646,0.33992848,0.6421292,0.5120499,0.58661395,0.43239966,0.48734143
0.58155113,0.57025945,0.4524141,0.48458612,0.5274747,0.47395444,0.5191664,0.44049594,0.50424486
0.75062567,0.59343106,0.39708936,0.32138368,0.65669703,0.5178834,0.5956771,0.4344533,0.48863044
0.6409786,0.46008173,0.4544778,0.4515924,0.57525617,0.4162762,0.5356544,0.33541036,0.39299336
0.5597001,0.5016093,0.47142372,0.49894905,0.51160955,0.46269232,0.5198337,0.4325464,0.48022583
0.6665337,0.4463681,0.4488648,0.43599737,0.5959791,0.40112594,0.5409003,0.30556968,0.36517286
0.552027,0.50541675,0.47297823,0.50329614,0.50573504,0.46698463,0.5183836,0.44182992,0.48835242
0.60088164,0.52732694,0.4663259,0.44748873,0.543635,0.49832934,0.5416635,0.47673115,0.5247002
0.70128095,0.64099044,0.38126135,0.39437622,0.6091709,0.48500085,0.55803114,0.39409843,0.4571895
0.63400066,0.5524289,0.44560248,0.42562008,0.56596875,0.49823752,0.54980797,0.45925993,0.5104431
0.76452273,0.57804084,0.40223503,0.30042523,0.6706686,0.52805847,0.60706633,0.44733456,0.4985436
0.593482,0.4846546,0.4645071,0.47959787,0.5377134,0.44365,0.52628815,0.39185455,0.44421604
0.6440698,0.60600626,0.41318187,0.43839762,0.5674588,0.4818339,0.54053396,0.41842067,0.47784802
0.56005037,0.5432991,0.46521693,0.49344793,0.5112875,0.48236877,0.5202414,0.46241617,0.5141468
0.6126073,0.47488162,0.46052077,0.4684522,0.5526965,0.43272975,0.53000987,0.3689959,0.42367017
0.59056234,0.48613426,0.4651106,0.48128608,0.5354401,0.44530708,0.5257248,0.3953571,0.44734275
0.6748071,0.60847086,0.40550593,0.4081019,0.5914858,0.48941025,0.5540053,0.41817144,0.47710568
0.8306531,0.56347096,0.3915682,0.2213727,0.73477525,0.5585381,0.65061057,0.4637375,0.50983375
0.6635864,0.59021366,0.4182172,0.4118328,0.5846899,0.49287486,0.5535374,0.43174535,0.4881523
0.6827854,0.5992799,0.40906477,0.3959406,0.59899664,0.49501255,0.5601566,0.42577907,0.4830482
0.69585836,0.5718754,0.42172787,0.37110782,0.61278045,0.5086041,0.5733974,0.44775862,0.50026816
0.54302734,0.5098662,0.47479582,0.50837654,0.49886683,0.47200778,0.5166883,0.45273212,0.49785852
0.6007354,0.5515777,0.45268077,0.45785752,0.54068834,0.4898128,0.5354741,0.45815766,0.51013464
0.8800837,0.662607,0.32001984,0.18870705,0.7796515,0.5471691,0.664506,0.39038065,0.44968215
0.53112555,0.51868904,0.47682053,0.5150803,0.4898832,0.47924957,0.5141258,0.4681784,0.5121477
0.5791017,0.5645457,0.45041576,0.48433125,0.52337885,0.4791299,0.52245,0.4467798,0.50255233
0.5554139,0.5516842,0.46627232,0.5015676,0.5094009,0.4750364,0.51370394,0.45402494,0.51335675
0.62303805,0.5939771,0.42496276,0.4541934,0.55300564,0.48009115,0.5339396,0.4263974,0.48545238
0.7242157,0.5780023,0.41194975,0.34384325,0.6356546,0.5149578,0.58582836,0.4447341,0.4973285
0.7180063,0.6295289,0.38422173,0.37143433,0.6245268,0.4943215,0.5694119,0.4041388,0.46500382
0.7121722,0.6032712,0.40044764,0.3667559,0.6226782,0.50219655,0.57336277,0.4243795,0.4813776
0.69908226,0.6025168,0.4037431,0.38028476,0.6119112,0.4985671,0.56713045,0.42419514,0.48148012
0.5389205,0.5370015,0.4724711,0.51078737,0.49630246,0.47950616,0.51313347,0.4662857,0.51713824
0.56521744,0.50880784,0.4774601,0.48659745,0.51850516,0.47461995,0.52350825,0.45367327,0.50540924
0.587299,0.57646257,0.45110428,0.481807,0.53275234,0.47101405,0.51835495,0.43484437,0.5035807
0.5864713,0.5620582,0.4495215,0.47613966,0.5287266,0.48246726,0.5266754,0.44937986,0.5034477
0.63942206,0.46090436,0.45481396,0.45252877,0.5740071,0.41718802,0.5353403,0.3372413,0.39468217
0.71467644,0.6153909,0.3930204,0.36908904,0.62337583,0.49853247,0.5714636,0.41505533,0.47386017
0.7570793,0.6044153,0.38936532,0.31848803,0.6611927,0.51606745,0.5963818,0.42631653,0.48200983
0.5736157,0.4946664,0.46859068,0.4910232,0.522312,0.4548802,0.5224771,0.4157441,0.4654374
0.5424602,0.5101461,0.4749102,0.50869614,0.49843475,0.47232395,0.5165816,0.45341954,0.49845663
0.5308256,0.51587456,0.47725236,0.5152369,0.4895894,0.47880253,0.5143973,0.4675307,0.5107019
0.78027946,0.6804724,0.34030014,0.3223764,0.67369264,0.49531692,0.589258,0.36725175,0.43356955
0.57048625,0.49623233,0.4692295,0.49281067,0.5198994,0.45664045,0.5218809,0.41951832,0.46876863
0.6975843,0.52753466,0.44617525,0.3518481,0.61915183,0.5246611,0.5852563,0.48191506,0.5270605
0.6215002,0.5765977,0.43443373,0.44819707,0.55352217,0.48638654,0.5381265,0.44000754,0.49544677
0.8010519,0.6221535,0.36803576,0.2749789,0.6998531,0.5254169,0.6173031,0.41551995,0.47235435
0.5221241,0.5201452,0.47900018,0.5201129,0.482995,0.48364016,0.5127677,0.4780923,0.51982886
0.72707117,0.6078285,0.39452264,0.35265055,0.634725,0.50511295,0.57969,0.42172605,0.4789631
0.7151142,0.60267615,0.40012994,0.3633805,0.6252091,0.5033039,0.57498103,0.42501986,0.48183218
0.7058679,0.5377157,0.43863732,0.34733403,0.6248104,0.5235622,0.58674645,0.47461376,0.52119714
0.5603544,0.55347997,0.4622445,0.4975801,0.5117756,0.47700334,0.51635736,0.45362753,0.510553
0.69281584,0.5776702,0.4191309,0.37660402,0.60963744,0.50565743,0.5704711,0.4431064,0.49664348
0.7008343,0.5699184,0.42173618,0.36516535,0.61707944,0.51076007,0.57629275,0.44956145,0.5015991
0.6380557,0.6068285,0.41832766,0.44492576,0.56496406,0.4769434,0.5353718,0.4158968,0.48119694
0.6016379,0.584156,0.44126415,0.47114137,0.5412478,0.47370812,0.52387273,0.430587,0.4968326
0.7374177,0.64522,0.37086487,0.35678777,0.63929427,0.49449277,0.57519716,0.39288405,0.45549652
0.8432554,0.6168124,0.35830593,0.22251895,0.74278635,0.54522836,0.6466674,0.4232753,0.47741735
0.56891215,0.5615607,0.45937935,0.49296498,0.51888615,0.4741022,0.51623267,0.44667974,0.5088583
0.57495636,0.5225377,0.47200823,0.4746161,0.5245635,0.48637533,0.5292657,0.46730578,0.51715684
0.5520713,0.5105575,0.4757241,0.5017225,0.50730145,0.46903268,0.51751494,0.447135,0.49748716
0.57183605,0.5663219,0.46006507,0.4923185,0.5225265,0.47055697,0.5142761,0.44178236,0.50956196
0.6404067,0.5628599,0.43842688,0.42363417,0.5697118,0.49628058,0.55001926,0.4515922,0.5042907
0.73876566,0.56261474,0.41714105,0.32250044,0.64974505,0.5249846,0.59710956,0.45753345,0.5071391
0.6144285,0.57029533,0.43940353,0.45245942,0.54886603,0.4867692,0.5366451,0.44449228,0.4991198
0.57787687,0.49252957,0.46771896,0.4885842,0.52560276,0.45247975,0.5232904,0.41060933,0.46089625
0.61508745,0.5829366,0.4320937,0.457241,0.54786736,0.48244765,0.5336803,0.43478063,0.49140316
0.5555051,0.55176544,0.46623796,0.50151646,0.50947356,0.47501156,0.5137071,0.453957,0.5133357
0.7247496,0.6377333,0.3780225,0.3675797,0.62928027,0.49332952,0.5706466,0.39805692,0.45995
0.63862455,0.6053327,0.41640645,0.4436283,0.56420654,0.47943383,0.5373738,0.4180346,0.47972313
0.7353336,0.6173859,0.38722038,0.34754744,0.64071685,0.5042184,0.5814738,0.41475296,0.47320715
0.6456871,0.6125572,0.41421884,0.43976992,0.5705827,0.4764256,0.53693163,0.41158625,0.47845292
0.524547,0.52421576,0.47785354,0.518777,0.48494712,0.48338494,0.5126387,0.47695175,0.520416
0.64005,0.5879626,0.42428294,0.43463495,0.56648344,0.48726046,0.5434286,0.43221146,0.48893493
0.52606547,0.52341557,0.47755563,0.51792616,0.4860963,0.48252913,0.51292926,0.47508875,0.5187914
0.6734346,0.6027902,0.40902942,0.4070894,0.5910579,0.49108866,0.5548467,0.42252254,0.48061505
0.8277802,0.713618,0.3083516,0.27677122,0.7165094,0.5004178,0.6099715,0.3432501,0.4123961
0.676774,0.5679078,0.4280597,0.38910064,0.59779084,0.5045197,0.5653529,0.44971722,0.5021678
0.7705793,0.6634598,0.35254347,0.32668337,0.6667128,0.4985717,0.5883643,0.38040122,0.444606
0.6079849,0.5307416,0.46300444,0.44203398,0.5486061,0.49897885,0.5438729,0.4744916,0.52283114
0.8294017,0.5722573,0.3871663,0.22544354,0.7326932,0.5549258,0.6477108,0.4568314,0.5044356
0.7432588,0.66822594,0.35621545,0.36015508,0.641644,0.48751026,0.5719855,0.37480268,0.4405928
0.5418841,0.5396387,0.47135934,0.5091352,0.49865037,0.47870472,0.51323575,0.46408468,0.51646054
0.6071217,0.51385194,0.47161752,0.43795875,0.5498039,0.50103,0.54644114,0.4812931,0.52785826
0.6014448,0.48060325,0.46285474,0.4749765,0.54393154,0.4391179,0.5278307,0.38231888,0.43567547
0.7762275,0.6107275,0.38102943,0.2994253,0.67777854,0.5203936,0.6054647,0.42268777,0.47868633
0.59533507,0.4837139,0.46412346,0.47852474,0.539158,0.44259703,0.52664626,0.38963324,0.44223025
0.65364534,0.5993475,0.4150567,0.42583343,0.5757586,0.4868472,0.5466153,0.42411432,0.4822394
0.55371344,0.55016965,0.4669129,0.50252116,0.5080468,0.47549844,0.51364493,0.45529044,0.5137478
0.7454655,0.63715124,0.37362993,0.34444112,0.6472593,0.5001389,0.5816169,0.3997987,0.46094123
0.7046453,0.5917264,0.40863076,0.3699906,0.61774427,0.5041097,0.57261854,0.4329139,0.48832795
0.7135238,0.6330282,0.38320306,0.37776798,0.6203384,0.49165168,0.5662303,0.4011104,0.46264234
0.83287185,0.6490543,0.34376946,0.24591632,0.7287828,0.52852154,0.63123405,0.3966943,0.45633078
0.56475776,0.52307296,0.47284245,0.4862777,0.51684403,0.48081213,0.5237993,0.4616779,0.5126672
0.64448893,0.5605194,0.4389187,0.41858834,0.5731572,0.4982069,0.5524426,0.45361257,0.50581414
0.7099286,0.6408014,0.37951317,0.38500118,0.61639524,0.4876485,0.56235063,0.39474723,0.45755258
0.6362736,0.5856373,0.42636165,0.4374123,0.5638292,0.4870808,0.54234076,0.43380886,0.4902712
0.5528333,0.5493859,0.4672442,0.5030143,0.5073463,0.4757374,0.5136144,0.45594522,0.5139501
0.5855614,0.5764065,0.45302317,0.4835035,0.5322562,0.4695689,0.5168492,0.4342545,0.50495803
0.60825944,0.58355707,0.43321162,0.46421605,0.5426671,0.48035794,0.5304732,0.43389896,0.49097645
0.74517596,0.6589081,0.36119178,0.3539338,0.6444507,0.4917577,0.575588,0.38242367,0.44680533
0.54599214,0.5084022,0.47419766,0.5067049,0.5011269,0.4703542,0.5172461,0.44913912,0.49472997
0.6639067,0.6227513,0.40125704,0.42558616,0.5819418,0.4799693,0.54429054,0.40579787,0.46938837
0.63365376,0.5733463,0.43385878,0.43477628,0.56325454,0.4907604,0.54433393,0.44315735,0.49773726
0.5931047,0.5744841,0.4428795,0.47510877,0.53310424,0.47864413,0.5254806,0.4395639,0.4975644
0.71569145,0.57204956,0.4172264,0.35050258,0.6291518,0.5144557,0.583049,0.44880965,0.5007196
0.57711077,0.49291414,0.46787584,0.48902312,0.52501065,0.45291162,0.52314407,0.41153204,0.46171308
0.540993,0.5388457,0.47169372,0.50963223,0.49794415,0.47894576,0.51320493,0.46474656,0.51666445
0.6992927,0.61911714,0.39425302,0.38704523,0.6101418,0.49256328,0.56289864,0.41123027,0.47107947
0.8110856,0.6431767,0.35346755,0.27061552,0.7074043,0.5215421,0.6182164,0.39960852,0.45927858
0.8471403,0.635661,0.34665683,0.2235908,0.74511427,0.5401091,0.6448418,0.4086897,0.46560135
0.64968854,0.61568886,0.41215327,0.43710834,0.57361585,0.47599524,0.53763825,0.40916318,0.4770828
0.6436353,0.6139068,0.4177702,0.4425419,0.57084155,0.47274116,0.5336556,0.40904376,0.48111504
0.6850098,0.59988916,0.4082483,0.3938894,0.6007259,0.49542934,0.56105345,0.4254314,0.48272964
0.79074913,0.69228435,0.33077762,0.31475094,0.68218285,0.49439937,0.59216094,0.3582812,0.42589164
0.6942621,0.61777586,0.3960964,0.39178735,0.6061637,0.49158263,0.5608127,0.41199258,0.471787
0.82513046,0.6164526,0.36423248,0.24441941,0.7241351,0.537293,0.6341889,0.42195335,0.47688004
0.8517142,0.627259,0.3497417,0.21522838,0.7508257,0.54542077,0.65031886,0.41580787,0.47117984
0.69979507,0.617917,0.39483017,0.38600346,0.6106977,0.49315292,0.5634592,0.41220045,0.47185054
0.753881,0.6713057,0.3519759,0.3493771,0.6506793,0.48979515,0.57686794,0.37297532,0.4388682
0.8663095,0.6530018,0.330473,0.2043018,0.76456326,0.54319775,0.65529656,0.39667052,0.4552773
0.6448342,0.61085516,0.4137856,0.43984208,0.56930333,0.47788528,0.53780186,0.41342822,0.478057
0.5704734,0.5651064,0.46058175,0.493089,0.5214339,0.47092998,0.5142285,0.4427998,0.5098782
0.7379326,0.6501585,0.36790442,0.35831612,0.6391575,0.49277797,0.574132,0.38897887,0.4523072
0.55311054,0.5496327,0.4671399,0.50285906,0.50756687,0.47566214,0.5136241,0.45573902,0.51388645
0.66213727,0.44875687,0.44984382,0.4387116,0.59238374,0.40375808,0.53998524,0.3106719,0.36997107
0.7895131,0.696952,0.3283474,0.31827697,0.6804438,0.49202687,0.5900683,0.35433975,0.42263827
0.55294484,0.5494852,0.46720225,0.5029519,0.50743496,0.4757071,0.51361835,0.45586225,0.5139245
0.658943,0.6223798,0.40685502,0.43063444,0.580315,0.47576448,0.5398629,0.40427145,0.47349912
0.5667277,0.5617662,0.46200043,0.4952039,0.5184339,0.47195402,0.51409763,0.44559503,0.51074606
0.71003956,0.64131165,0.37919474,0.38510334,0.61642677,0.48748934,0.56226796,0.39434904,0.45722696
0.54552203,0.51767254,0.4731601,0.5070055,0.5009704,0.47248602,0.51615816,0.4527778,0.5005998
0.65282667,0.56406415,0.43521634,0.41172987,0.5792586,0.4992216,0.55530596,0.4513413,0.503877
0.59739935,0.48266453,0.46369547,0.47732764,0.54076904,0.44142288,0.5270458,0.3871604,0.44001696
0.6111336,0.5887095,0.43423074,0.46375275,0.54657066,0.47624946,0.5281125,0.4284686,0.4919481
0.72031784,0.4159125,0.4363156,0.40149426,0.64117014,0.36783803,0.5526404,0.24441198,0.30611032
0.7249973,0.6486858,0.37165993,0.372011,0.62818766,0.489262,0.56781816,0.3893681,0.45288345
0.5509887,0.54774326,0.46793848,0.5040475,0.5058788,0.4762381,0.5135505,0.4573174,0.51437384
0.65766203,0.60076076,0.41343364,0.42236337,0.5787555,0.4874371,0.5480812,0.42323372,0.4814648
0.52138865,0.52050567,0.4791478,0.52052444,0.48243845,0.48404878,0.51263005,0.4789851,0.52059895
0.55966175,0.55546844,0.4646706,0.4991824,0.5127876,0.4738809,0.5138515,0.450862,0.5123783
0.7195827,0.6045485,0.3980712,0.35937047,0.6287525,0.5039891,0.5767385,0.42382962,0.48079368
0.66016996,0.61491436,0.4048276,0.4259377,0.57904446,0.48297417,0.54551625,0.4123354,0.47268033
0.737162,0.63219714,0.3783803,0.35161275,0.64059454,0.49931312,0.57854164,0.40319917,0.4638628
0.6364822,0.5697569,0.43532234,0.43044356,0.56586355,0.49278882,0.5465108,0.44607374,0.49999756
0.53763765,0.5325643,0.47336668,0.51148915,0.49521288,0.47916734,0.5134553,0.46610895,0.51546615
0.6006688,0.58037996,0.43921039,0.4703323,0.53869826,0.47772422,0.5266403,0.43500057,0.49517787
0.5452943,0.508747,0.47433847,0.50709856,0.5005948,0.4707435,0.5171148,0.44998467,0.4954666
0.70721364,0.6539561,0.374857,0.39379323,0.61376345,0.48016518,0.5561684,0.38326854,0.45117724
0.77859765,0.5827832,0.39597535,0.28658953,0.6829068,0.5313021,0.61380124,0.44464877,0.4961017
0.5786509,0.55956495,0.45244217,0.4826042,0.5231766,0.48135635,0.5239757,0.45089462,0.5047717
0.5476457,0.507585,0.47386378,0.5057718,0.50238854,0.46943146,0.51755756,0.44713587,0.4929838
0.69682395,0.61409324,0.39764982,0.38752168,0.6087013,0.4936836,0.56301963,0.41502416,0.4741756
0.748471,0.61869514,0.38340318,0.33361173,0.65200263,0.50798565,0.5880673,0.41456014,0.4727807
0.7802382,0.6925539,0.33323854,0.32763332,0.67220795,0.49042648,0.5857984,0.3573397,0.42535064
0.6798557,0.5728131,0.42464474,0.38796246,0.5997015,0.5036556,0.565555,0.44611058,0.49926066
0.58622724,0.5715361,0.44820142,0.48055637,0.52948856,0.47639894,0.52212954,0.44066346,0.50127023
0.550341,0.50625163,0.4733192,0.5042494,0.5044466,0.46792653,0.5180656,0.4438713,0.4901354
0.65875304,0.61930877,0.40448496,0.42936328,0.57837415,0.4796819,0.542731,0.40814677,0.47161067
0.6422825,0.57173437,0.4330343,0.42549893,0.57013184,0.49364555,0.54859936,0.44486234,0.49893907
0.5311525,0.53009075,0.47538173,0.5151099,0.4901592,0.48160386,0.5128659,0.4720517,0.51891136
0.6241174,0.46892503,0.45808986,0.4616634,0.5617974,0.42609516,0.5322801,0.3553191,0.4112525
0.70205647,0.6417762,0.3806416,0.39389086,0.60971856,0.48493358,0.5581986,0.39351976,0.45670456
0.66431385,0.44757587,0.44935986,0.4373696,0.59416205,0.40245643,0.5404375,0.3081442,0.3675962
0.7225776,0.621913,0.38755015,0.36328986,0.62928593,0.49855116,0.5737349,0.41041115,0.4699719
0.5744169,0.49426502,0.46842688,0.490565,0.5229303,0.45442912,0.5226298,0.41477814,0.4645839
0.65074176,0.45488998,0.45235476,0.44568488,0.58312434,0.4105294,0.5376383,0.3239592,0.38238493
0.6744417,0.4420375,0.44708842,0.4310793,0.6024801,0.3963618,0.5425612,0.29642764,0.35653013
0.65943617,0.45021814,0.45044237,0.4403725,0.5901813,0.4053697,0.5394256,0.31381348,0.3729166
0.6084265,0.4770307,0.46139753,0.47090238,0.5494069,0.4351274,0.5291912,0.37397948,0.42817104
0.7847879,0.59962934,0.38498443,0.2856557,0.6868536,0.5275067,0.6132069,0.43198556,0.485906
0.57357675,0.49468592,0.46859863,0.49104545,0.522282,0.4549021,0.5224696,0.41579103,0.46547887
0.71262527,0.60537636,0.39915577,0.36713856,0.6228149,0.5015687,0.57304406,0.4227643,0.48007756
0.5733787,0.53793806,0.46568942,0.47844246,0.5218007,0.48760077,0.52723545,0.46719626,0.51768404
0.66137856,0.5773604,0.42595053,0.40866315,0.5844454,0.49685803,0.5558221,0.44156507,0.49599314
0.6406837,0.46023765,0.4545415,0.45176986,0.57501936,0.416449,0.5355949,0.33575714,0.39331338
0.78665024,0.620108,0.37306562,0.290994,0.6864208,0.52073026,0.60913515,0.4160601,0.4731362
0.6550108,0.60947704,0.40899146,0.4288306,0.57562244,0.4835439,0.5445859,0.41630226,0.4759583
0.59030163,0.4862663,0.46516442,0.48143664,0.53523725,0.44545493,0.52567464,0.39567006,0.44762185
0.6971193,0.59126055,0.41053706,0.3776866,0.61159897,0.502054,0.569078,0.4328334,0.48840627
0.6838089,0.6297223,0.3914477,0.40793937,0.5962075,0.4841438,0.5526302,0.40201545,0.46393216
0.525632,0.51842475,0.47829586,0.5181486,0.4856515,0.48169053,0.51342434,0.47383386,0.5161526
0.5409828,0.5108748,0.475208,0.50952816,0.49730965,0.4731474,0.51630384,0.4552105,0.5000141
0.54027677,0.52095807,0.4741298,0.50996375,0.4969899,0.4755566,0.51509404,0.45938128,0.5065481
0.6310879,0.5639089,0.43971068,0.43332464,0.5623827,0.49341825,0.5456042,0.45028564,0.5034189
0.7820697,0.6296841,0.3688853,0.29988012,0.6811177,0.5155111,0.6039837,0.408169,0.46689913
0.68689746,0.4351225,0.44424713,0.42323372,0.61281306,0.38877508,0.5452184,0.28212598,0.3428867
0.612664,0.5609896,0.4450199,0.4502232,0.54862034,0.48959678,0.53825283,0.45155603,0.50473297
0.5507227,0.5446678,0.4662219,0.50289404,0.50424314,0.47955424,0.5159688,0.46089754,0.51310307
0.8136922,0.6257594,0.36245853,0.26128286,0.71178514,0.5291058,0.62435347,0.4136603,0.4705398
0.7882007,0.6460347,0.35805735,0.2990034,0.68505996,0.5116158,0.6033255,0.39560756,0.45659977
0.6902965,0.5924634,0.41132867,0.38529447,0.6058844,0.49963278,0.5654892,0.4315045,0.48747572
0.60876554,0.5495653,0.45224157,0.4491909,0.5470004,0.4925989,0.5394601,0.4601192,0.5115447
0.5749106,0.56332976,0.45411703,0.4878944,0.5215361,0.47704038,0.5198759,0.44672155,0.5051596
0.71203256,0.4207731,0.4383285,0.40698636,0.6340472,0.37311578,0.5507561,0.25366557,0.3152491
0.7821162,0.58042103,0.39635542,0.28183514,0.68638325,0.5334078,0.6164041,0.44673544,0.49767128
0.6546853,0.5846954,0.42317447,0.4185236,0.57830954,0.49239916,0.5508824,0.4355295,0.4913202
0.71197367,0.62652475,0.38726792,0.37666672,0.6198071,0.49360523,0.5671861,0.40614858,0.46674332
0.7446279,0.600471,0.39458197,0.3306574,0.6506755,0.5133776,0.5907019,0.4285783,0.4840783
0.82683074,0.63705033,0.35229963,0.24927796,0.72379863,0.5304079,0.6301627,0.40577766,0.46384346
